email,password,name,phone
rhunt0@princeton.edu,lup84zjqy,sbanks0,380-(855)197-9682
mjordan1@google.com.br,dTday5,aarmstrong1,507-(132)751-5988
jjohnston2@imdb.com,MM2yjTm6h,carnold2,351-(612)497-8133
cbryant3@nature.com,g24vjtbswzXa,bwebb3,63-(177)935-0586
bbell4@creativecommons.org,qSAke55aEdn,agordon4,1-(210)217-5367
jdunn5@bbb.org,30lIPk,ekelley5,1-(473)278-0393
clopez6@ibm.com,mZEb8v,djohnson6,55-(946)873-6876
vfisher7@ezinearticles.com,acxIQnw,pgordon7,855-(230)352-0733
dellis8@cdc.gov,Un8gUktF,astone8,62-(740)505-8016
jolson9@mac.com,9TwOLOT,apeterson9,51-(884)460-8922
jmeyera@geocities.jp,tLn26lDyOZg,swatkinsa,7-(511)753-9941
vgarciab@paypal.com,RVaQw5X4dK,kfloresb,260-(897)271-1219
edavisc@moonfruit.com,3uEJ6IsGZ,jmillerc,57-(429)928-0282
tbowmand@bloglines.com,cAhkCQjra,slaned,86-(583)440-5364
hbutlere@techcrunch.com,Cm3XIHFZHu9x,elanee,81-(666)732-4659
nbishopf@dell.com,1Ji3J5zKCh4g,mlewisf,63-(905)708-4253
tfullerg@i2i.jp,U3PzEt6gszWy,kschmidtg,387-(448)843-8705
rchapmanh@va.gov,uYHT10DlW15j,asimsh,216-(280)432-0935
probertsi@pcworld.com,uQVNNFWuaA,rsullivani,86-(364)515-6517
mrodriguezj@comsenz.com,iCLo7tl8,aelliottj,86-(512)107-2875
bdayk@globo.com,aGZ6xWWQP,jmasonk,62-(959)840-5146
jstewartl@telegraph.co.uk,eyF3bIAaA,lreedl,98-(979)408-0702
eturnerm@guardian.co.uk,nCFmlwc5P,ehuntm,380-(343)808-7076
rhowelln@unesco.org,ZbeBGQF,sfernandezn,380-(696)267-3457
jhowardo@home.pl,a68q1hRvNy,amendozao,34-(248)541-7031
akennedyp@infoseek.co.jp,n1qaBXD,jbrooksp,48-(641)983-9905
hleeq@baidu.com,WuIDUH1BeTYp,gwillisq,235-(111)420-4990
aparkerr@chronoengine.com,5ROL6xL9,ejacobsr,374-(525)669-7298
raustins@hud.gov,09Bj0HfB,dramoss,225-(799)472-8887
hfordt@vk.com,nCct21Tm,dstephenst,62-(737)703-6909
jparkeru@google.ca,UApsZVxCU,ahughesu,82-(383)213-3704
rkingv@free.fr,6UZ9ULBU86,lkellyv,230-(138)709-9143
jwilliamsonw@google.pl,SVIAUM,mfoxw,55-(436)440-9931
lholmesx@flavors.me,n624X67,kcolemanx,351-(793)522-3757
hreedy@forbes.com,RM4UHXEoTSKL,jgreeny,86-(767)390-6870
dharperz@sourceforge.net,8uLq2hpK4Sz,agibsonz,86-(665)797-7756
bknight10@imageshack.us,pUC3nuk9z,thamilton10,48-(334)770-0030
scampbell11@japanpost.jp,vlHALVP5V,tsimpson11,380-(413)907-4268
sbennett12@prweb.com,8ws8EwuaUCps,jkim12,86-(936)595-4955
acooper13@diigo.com,RiAhAmr,kburton13,48-(401)363-0466
mgordon14@cdc.gov,ARqCSQsZ,shenderson14,86-(807)221-8756
charvey15@oaic.gov.au,kVIjVSsY9,mramirez15,351-(559)182-5025
alewis16@netscape.com,oEP1gj2V,dday16,359-(835)250-8763
jboyd17@theatlantic.com,lVblmcUz,gmason17,1-(918)209-3078
rchapman18@telegraph.co.uk,GyKLdyz,achapman18,373-(442)816-9002
jphillips19@homestead.com,rgflT3q3THCq,along19,48-(905)680-0565
rmontgomery1a@webs.com,u683WVItMnk5,bhayes1a,86-(703)770-3888
msullivan1b@amazon.de,iGd6VTonc,escott1b,86-(931)687-9778
mmyers1c@feedburner.com,K9Uau7QEe6,hfranklin1c,255-(766)519-6266
acarpenter1d@blogger.com,XKUnrJtvC,ssnyder1d,255-(634)525-0280
jmiller1e@stanford.edu,manzwd9Y,jnelson1e,31-(597)280-5116
pcoleman1f@gmpg.org,wY7DzqSHBcc,flawson1f,1-(808)144-5172
jbradley1g@exblog.jp,rlBJMvQ,rcoleman1g,970-(256)972-0394
bsimmons1h@nationalgeographic.com,LBs0h9gSOk,lmurphy1h,86-(861)340-4356
ekennedy1i@psu.edu,hTuxb7q8PaM,dsanders1i,221-(750)822-4318
jwilson1j@mlb.com,sboqArnH0T7,nbennett1j,55-(179)808-3937
swhite1k@quantcast.com,AoQFqsnTPD4,kgonzales1k,46-(452)714-5146
dcruz1l@redcross.org,nojHX0XWc0,nreyes1l,63-(484)366-2240
kstephens1m@admin.ch,tmihyt55,twilliamson1m,225-(943)848-0210
pelliott1n@comsenz.com,qMMSkn,rrobertson1n,62-(437)912-8028
pgray1o@paginegialle.it,8CidanN,pgreene1o,86-(614)530-0283
hmoore1p@goodreads.com,6rItvXz,mbutler1p,62-(501)425-0138
jgeorge1q@illinois.edu,4aXxqX,sfreeman1q,420-(937)352-9555
ewilson1r@narod.ru,xBNdjaIVCW8L,cromero1r,55-(284)673-5236
bflores1s@jiathis.com,ZB12c2diYIx5,lhanson1s,7-(777)144-4381
ecrawford1t@google.ca,9a0SkJ6rRBL,tjames1t,51-(413)337-0082
rhenderson1u@ucoz.com,GM3UVX,kramirez1u,371-(964)942-3493
dmurray1v@friendfeed.com,rJDuorAnssv,rphillips1v,54-(185)357-8649
lfields1w@flickr.com,f9KIXA9,randrews1w,63-(197)410-2521
nsanchez1x@a8.net,kbnMZ0PrLV,phunter1x,7-(814)108-2252
rfox1y@cbc.ca,IE7EONGEyIK,jrivera1y,7-(201)845-1390
mbrooks1z@edublogs.org,HWClwQM,jtorres1z,51-(104)887-5195
jdaniels20@unblog.fr,JCXMkIO,hgardner20,62-(953)283-1556
hbailey21@ihg.com,vhm0VDWf,cbrown21,86-(637)369-0400
sbrooks22@vk.com,7L1FHu,nriley22,98-(388)324-9724
jhamilton23@github.io,v11jASydUjI,jclark23,62-(180)457-6048
sromero24@about.me,fywkpYzzh,chughes24,1-(246)212-0827
rfranklin25@ovh.net,MQ8adI,pbaker25,7-(349)437-4432
khall26@wikipedia.org,kr8AtRz,gphillips26,375-(968)906-0386
tdean27@godaddy.com,XYkp7LsdDEm,wgraham27,48-(141)984-5516
tberry28@odnoklassniki.ru,PYDbB7BPs,bcarpenter28,86-(499)701-5933
anichols29@amazon.co.uk,oI6WxamGS,tbanks29,976-(297)465-1326
dmason2a@elpais.com,9Ks7eYWm,showard2a,84-(638)846-8094
cjohnston2b@nature.com,DEiRMuh,tmitchell2b,353-(114)335-3685
cbowman2c@salon.com,DWIUao59cZ,blopez2c,86-(959)773-2948
erice2d@wsj.com,qOLiO68,cfields2d,52-(182)518-9573
mrivera2e@vinaora.com,2QgPzow,acunningham2e,7-(752)357-0297
ncooper2f@thetimes.co.uk,J80OqGN,jweaver2f,962-(554)989-2528
mwilliams2g@twitpic.com,ipjqfFduo,wcole2g,855-(590)938-8435
ahansen2h@bing.com,PY1PjuZ,acarr2h,62-(321)918-6976
mandrews2i@netscape.com,e8I2HIGVYPpB,kstone2i,30-(571)304-4510
along2j@godaddy.com,AqFQkYgA,awatson2j,62-(834)742-2597
rwashington2k@phpbb.com,XWsPZH3Md,dgarcia2k,55-(269)892-9589
shanson2l@nsw.gov.au,ofCldpR,nfields2l,33-(736)545-7547
swheeler2m@t.co,NcecXqsF,mmarshall2m,86-(922)916-3475
kroberts2n@bigcartel.com,vkWWEhwV,smorris2n,63-(180)771-1462
ksnyder2o@pen.io,lsYCgLt9IN,dcampbell2o,55-(150)989-1310
dporter2p@usda.gov,U2CdXHYMukb,jperez2p,62-(598)189-6815
amartinez2q@ezinearticles.com,icUpoIzAz,thayes2q,57-(159)741-3668
cmurphy2r@ehow.com,4UHFR6rV,aevans2r,63-(591)591-6428
ldavis2s@gnu.org,cZ8PKBE1Vr,gparker2s,420-(703)708-4719
lbarnes2t@artisteer.com,dmyekJJhDS0,ahenderson2t,81-(127)239-3636
polson2u@tuttocitta.it,FsQz71eYy,jknight2u,234-(897)818-5318
twilson2v@yandex.ru,ZKCcBsCg0ay,kday2v,20-(166)493-4167
drose2w@list-manage.com,7ANEr65Pfx,kmoreno2w,81-(677)989-4678
pburke2x@state.tx.us,R2eRm1ueghB,bmurray2x,351-(173)762-6106
swashington2y@thetimes.co.uk,JlTVqQSsTc,lhansen2y,66-(594)377-8883
awheeler2z@shop-pro.jp,HsYAtjW8Hq,hmoore2z,420-(254)740-9877
bflores30@nyu.edu,VUNPl5,mreid30,86-(819)169-3687
nwoods31@fema.gov,Qh9bXBKb,crodriguez31,98-(810)725-9270
gcarpenter32@yale.edu,TNohMJqklx32,csullivan32,51-(166)256-6495
fjames33@answers.com,pIRi6WdfQp,dlane33,86-(351)621-0349
gstewart34@hao123.com,TEjEUl8Tu,hholmes34,380-(200)932-8140
dhunter35@mediafire.com,GVeirRKY0Lpr,sharvey35,31-(436)659-2116
cmorrison36@cisco.com,rlyn32Eqebr,swells36,7-(591)125-1254
jgilbert37@ft.com,bFhCymSlBKR,clane37,351-(463)665-2847
pellis38@yahoo.co.jp,GhvlUWwqskyt,rhansen38,86-(256)812-5257
bhenderson39@ow.ly,4iQDCLEPn,lbryant39,351-(318)702-1357
janderson3a@wikipedia.org,8XATjDa1,wclark3a,371-(584)875-0045
kharrison3b@yellowpages.com,UmdlKNpE,ldunn3b,7-(107)290-0661
mgarcia3c@rediff.com,6xIrG5P0ST,cmartinez3c,86-(793)503-3931
kdaniels3d@pbs.org,s6yMZo,ghawkins3d,7-(497)592-4706
egraham3e@huffingtonpost.com,Q8aM0E5uefn6,ncooper3e,86-(787)111-0782
ncarr3f@wikipedia.org,1igdA1OAZ,tbradley3f,81-(590)567-7660
tstanley3g@woothemes.com,YchEoRM,edavis3g,86-(608)246-0639
chayes3h@baidu.com,cKatjEo,llawson3h,880-(467)985-7771
kschmidt3i@odnoklassniki.ru,Lf6tG36ZC,jedwards3i,351-(951)573-3062
jrichardson3j@4shared.com,z1Qx5JHF,cwells3j,86-(280)326-5307
ljohnston3k@weebly.com,hjWyHv,mbanks3k,51-(436)318-0100
pfields3l@storify.com,VbIQQNtiUlkG,mcole3l,86-(406)252-4294
twelch3m@joomla.org,5Kp1dOqj,cwebb3m,507-(432)584-1829
aperez3n@reference.com,fGQlsF1ZgCok,aburke3n,86-(567)365-5049
nyoung3o@xinhuanet.com,XaCfGikHRQd,pwright3o,269-(988)875-7387
rpeters3p@wix.com,nvvdSZ,dwilliamson3p,86-(290)466-9328
cyoung3q@slate.com,TYLBsEXI,wcampbell3q,63-(160)921-0022
jweaver3r@ihg.com,OP8JSXvQFU,pthomas3r,63-(847)331-4738
jberry3s@twitpic.com,IcEcrUw0,sbrown3s,86-(224)350-5065
klittle3t@creativecommons.org,fzYWe1zTbuo,sreed3t,255-(830)393-4524
elawson3u@tmall.com,OU652NpVsYgt,ckim3u,7-(562)366-8991
slarson3v@hugedomains.com,US7lo73xU,ffuller3v,33-(333)667-6621
kferguson3w@wisc.edu,vwcNGOHP,ghawkins3w,7-(601)645-6745
jmoore3x@hhs.gov,MmJbSCW,ccampbell3x,385-(570)495-5726
rlee3y@shop-pro.jp,hEo1hpuug,eperry3y,963-(331)409-7041
hgonzalez3z@plala.or.jp,eDcnFGJkIiLy,lfox3z,33-(182)735-0802
bparker40@eepurl.com,5R1NLQj7WShA,srivera40,420-(293)180-1749
jstephens41@biglobe.ne.jp,Sj1yosp,jgonzales41,86-(544)172-6353
rdixon42@scribd.com,rudEQKXH04,emoore42,86-(670)737-9083
fwatson43@google.es,WiLtSPlFSt,cmontgomery43,84-(232)737-2001
cknight44@adobe.com,4HjOz1RzxJ,lbryant44,86-(149)989-6629
jjacobs45@miitbeian.gov.cn,D67EKS36,ahawkins45,51-(226)736-4790
mmendoza46@freewebs.com,gm58SNj,abell46,63-(983)247-1595
mduncan47@cmu.edu,yOooVS6mMs,awilliamson47,63-(907)283-1523
rsmith48@mozilla.org,sSWfD9A,lgutierrez48,250-(781)704-6592
abanks49@tmall.com,kdagEj,jevans49,82-(301)780-4599
fwilliamson4a@quantcast.com,kthNT4QTP,swells4a,98-(306)367-4591
astevens4b@mozilla.org,Os94nkyS4,cgreen4b,420-(923)748-1240
dburns4c@artisteer.com,naUoQepfI,jmoore4c,33-(597)340-4359
jweaver4d@photobucket.com,1B1iiK9PK8,tgardner4d,86-(297)623-5452
acox4e@noaa.gov,aDhNKBTWWd,wrichards4e,63-(985)774-6540
lwilson4f@princeton.edu,NSjGuOHNZM,dedwards4f,48-(142)382-0268
tstevens4g@uol.com.br,rJL79afo1tw,bmcdonald4g,62-(621)570-6093
awarren4h@rediff.com,KPhaOXFYaUms,eharvey4h,33-(440)322-4388
ahanson4i@tiny.cc,TyhHgTcflZe,kedwards4i,54-(225)644-8069
eryan4j@typepad.com,PFzwpcvz,rshaw4j,52-(854)871-8220
rsimpson4k@tumblr.com,HSP0Qyj,dmason4k,62-(548)343-2034
sfoster4l@washingtonpost.com,YcEnVe5QJDC,cgardner4l,504-(436)457-5410
greynolds4m@google.ru,41sRl5g9L,cweaver4m,86-(891)301-9679
rwarren4n@arstechnica.com,Ay4Y0SIg,jlarson4n,257-(895)279-8657
spowell4o@bluehost.com,73y8JBzIo49,dnichols4o,358-(674)687-4797
speters4p@comsenz.com,ApxgFkN0,lwheeler4p,55-(497)750-0297
tspencer4q@adobe.com,GDwZkZBRcz,ljordan4q,84-(940)461-1996
pmcdonald4r@example.com,dGM3Ced,jramos4r,86-(222)623-1488
sadams4s@sciencedirect.com,rzNDJanNDLy,aspencer4s,33-(244)537-0383
jrivera4t@berkeley.edu,UiNsdwDf9y61,hedwards4t,86-(101)668-5064
amorrison4u@exblog.jp,zCHg7Sfgi,lbaker4u,86-(639)733-5514
awallace4v@yellowpages.com,yfYRvTXFR,rwelch4v,62-(115)832-3043
bmendoza4w@vistaprint.com,QtHGVEbJ,swelch4w,7-(363)435-6361
amendoza4x@diigo.com,ywDHwSJ8,cthomas4x,86-(945)122-1252
jrivera4y@themeforest.net,yOkhQhod,jarnold4y,62-(612)354-9757
kedwards4z@delicious.com,w8aywen4,emcdonald4z,51-(105)245-8385
lhenderson50@nationalgeographic.com,pk5YmS0LJk,mpatterson50,7-(915)224-0920
aross51@columbia.edu,EgU4jZ8V9y,jberry51,86-(220)524-1529
jburns52@infoseek.co.jp,hPqIyECEI1a,dsnyder52,62-(924)966-2380
colson53@mediafire.com,0dGWmssrT2,kwright53,63-(786)664-3093
bharrison54@spotify.com,pAD5AvH7i,prichards54,380-(451)305-1956
rowens55@mlb.com,PoWNd5h,dberry55,48-(919)924-1216
agordon56@1und1.de,2TULaAzy8Zr,jjames56,62-(778)638-2757
kbishop57@dailymotion.com,aHNrskrdL,aroberts57,996-(303)340-0864
hlarson58@economist.com,4ZT31o,lfisher58,47-(910)436-0689
daustin59@furl.net,QDESg2PymwLG,mfreeman59,86-(223)215-7085
mfuller5a@wiley.com,zHwCJSEe,rramos5a,62-(286)215-7145
sburns5b@bbb.org,ng4EyQrNvBU,aday5b,7-(353)784-7181
lburton5c@nature.com,YAjRKJ,clewis5c,86-(506)267-6242
gmarshall5d@utexas.edu,yn4JfdM,sedwards5d,86-(257)224-6199
jrichards5e@tumblr.com,VJDzWoTFNRo,tpatterson5e,46-(561)812-0079
cgordon5f@rakuten.co.jp,sf2jwp,jhenry5f,48-(675)418-0662
jwilson5g@meetup.com,JQkqbH6maV6,dharvey5g,62-(531)846-8782
kramirez5h@newyorker.com,bcbCN6WiFXn,egarza5h,970-(110)374-8314
mrussell5i@e-recht24.de,qupJiWXEHn,jvasquez5i,33-(873)992-5195
pweaver5j@washingtonpost.com,sdzaD9,fclark5j,55-(733)137-4325
