store_id,user_id,grade,detail
22,178,4.6,Curabitur gravida nisi at nibh.
29,53,1.1,"Curabitur gravida nisi at nibh. In hac habitasse platea dictumst. Aliquam augue quam, sollicitudin vitae, consectetuer eget, rutrum at, lorem."
32,124,3.8,"Donec diam neque, vestibulum eget, vulputate ut, ultrices vel, augue."
145,129,1.7,Suspendisse potenti.
103,87,2.2,"Aliquam augue quam, sollicitudin vitae, consectetuer eget, rutrum at, lorem. Integer tincidunt ante vel ipsum. Praesent blandit lacinia erat."
74,74,2.3,Vestibulum sed magna at nunc commodo placerat. Praesent blandit. Nam nulla.
85,5,2.4,"Duis ac nibh. Fusce lacus purus, aliquet at, feugiat non, pretium quis, lectus. Suspendisse potenti."
54,74,2.2,Vivamus in felis eu sapien cursus vestibulum.
28,128,1.8,"Lorem ipsum dolor sit amet, consectetuer adipiscing elit."
64,90,2.8,Integer tincidunt ante vel ipsum. Praesent blandit lacinia erat. Vestibulum sed magna at nunc commodo placerat.
165,123,3.8,Nunc purus. Phasellus in felis.
23,103,1.8,"In est risus, auctor sed, tristique in, tempus sit amet, sem."
100,24,4.5,In hac habitasse platea dictumst. Etiam faucibus cursus urna.
61,154,2.5,Duis consequat dui nec nisi volutpat eleifend.
9,12,2.8,"Donec ut mauris eget massa tempor convallis. Nulla neque libero, convallis eget, eleifend luctus, ultricies eu, nibh."
20,167,2.8,Proin risus. Praesent lectus.
45,69,2.5,Pellentesque viverra pede ac diam.
148,10,3.9,Etiam faucibus cursus urna.
33,153,3.7,Nulla justo. Aliquam quis turpis eget elit sodales scelerisque.
89,3,1.1,Maecenas pulvinar lobortis est.
60,146,1.5,"Quisque erat eros, viverra eget, congue eget, semper rutrum, nulla. Nunc purus."
85,139,2.9,Duis aliquam convallis nunc.
36,91,4.4,Aenean sit amet justo. Morbi ut odio.
155,188,3.7,In hac habitasse platea dictumst. Etiam faucibus cursus urna.
161,135,3.7,"Integer non velit. Donec diam neque, vestibulum eget, vulputate ut, ultrices vel, augue. Vestibulum ante ipsum primis in faucibus orci luctus et ultrices posuere cubilia Curae; Donec pharetra, magna vestibulum aliquet ultrices, erat tortor sollicitudin mi, sit amet lobortis sapien sapien non mi."
76,8,2.9,"Nullam orci pede, venenatis non, sodales sed, tincidunt eu, felis."
144,37,3.6,"Donec odio justo, sollicitudin ut, suscipit a, feugiat et, eros. Vestibulum ac est lacinia nisi venenatis tristique."
72,40,1.1,"Integer pede justo, lacinia eget, tincidunt eget, tempus vel, pede. Morbi porttitor lorem id ligula. Suspendisse ornare consequat lectus."
31,175,1.3,"Morbi odio odio, elementum eu, interdum eu, tincidunt in, leo. Maecenas pulvinar lobortis est. Phasellus sit amet erat."
111,195,1.1,"Morbi porttitor lorem id ligula. Suspendisse ornare consequat lectus. In est risus, auctor sed, tristique in, tempus sit amet, sem."
49,85,4.3,Curabitur convallis.
81,173,3.4,Vivamus in felis eu sapien cursus vestibulum. Proin eu mi.
155,193,3.9,Aenean auctor gravida sem. Praesent id massa id nisl venenatis lacinia. Aenean sit amet justo.
38,40,4.7,"Morbi vel lectus in quam fringilla rhoncus. Mauris enim leo, rhoncus sed, vestibulum sit amet, cursus id, turpis."
154,4,3.1,Aliquam quis turpis eget elit sodales scelerisque. Mauris sit amet eros. Suspendisse accumsan tortor quis turpis.
170,122,4.7,Nullam varius.
131,64,2.6,Mauris lacinia sapien quis libero. Nullam sit amet turpis elementum ligula vehicula consequat.
17,61,2.1,Curabitur in libero ut massa volutpat convallis.
23,178,4.4,Nulla justo.
141,3,3.5,Donec ut dolor. Morbi vel lectus in quam fringilla rhoncus.
155,191,1.1,Vestibulum sed magna at nunc commodo placerat.
4,51,2.8,Etiam faucibus cursus urna. Ut tellus.
66,27,2.1,Proin eu mi. Nulla ac enim.
93,168,2.3,Nullam sit amet turpis elementum ligula vehicula consequat. Morbi a ipsum. Integer a nibh.
95,40,2.3,Nunc purus. Phasellus in felis. Donec semper sapien a libero.
151,120,4.9,Donec vitae nisi.
133,193,4.8,"Cum sociis natoque penatibus et magnis dis parturient montes, nascetur ridiculus mus. Etiam vel augue."
3,1,3.6,Suspendisse potenti. Nullam porttitor lacus at turpis. Donec posuere metus vitae ipsum.
139,44,2.3,"Mauris enim leo, rhoncus sed, vestibulum sit amet, cursus id, turpis. Integer aliquet, massa id lobortis convallis, tortor risus dapibus augue, vel accumsan tellus nisi eu orci."
47,75,1.4,Suspendisse potenti.
16,60,2.8,Vestibulum sed magna at nunc commodo placerat. Praesent blandit. Nam nulla.
30,71,1.1,Quisque ut erat. Curabitur gravida nisi at nibh.
155,161,3.8,Duis consequat dui nec nisi volutpat eleifend.
160,3,3.9,"Vivamus metus arcu, adipiscing molestie, hendrerit at, vulputate vitae, nisl. Aenean lectus. Pellentesque eget nunc."
150,15,2.1,Nulla suscipit ligula in lacus.
110,70,1.4,"Aliquam sit amet diam in magna bibendum imperdiet. Nullam orci pede, venenatis non, sodales sed, tincidunt eu, felis."
167,192,1.2,"Nam congue, risus semper porta volutpat, quam pede lobortis ligula, sit amet eleifend pede libero quis orci. Nullam molestie nibh in lectus. Pellentesque at nulla."
134,145,3.8,"Aliquam augue quam, sollicitudin vitae, consectetuer eget, rutrum at, lorem. Integer tincidunt ante vel ipsum. Praesent blandit lacinia erat."
140,140,4.4,In congue. Etiam justo. Etiam pretium iaculis justo.
56,11,1.0,Phasellus id sapien in sapien iaculis congue.
34,140,3.6,Curabitur convallis. Duis consequat dui nec nisi volutpat eleifend. Donec ut dolor.
89,22,4.1,Aenean auctor gravida sem.
23,71,1.6,"Vestibulum ante ipsum primis in faucibus orci luctus et ultrices posuere cubilia Curae; Donec pharetra, magna vestibulum aliquet ultrices, erat tortor sollicitudin mi, sit amet lobortis sapien sapien non mi."
22,113,1.4,"Vestibulum quam sapien, varius ut, blandit non, interdum in, ante. Vestibulum ante ipsum primis in faucibus orci luctus et ultrices posuere cubilia Curae; Duis faucibus accumsan odio. Curabitur convallis."
40,62,4.2,In quis justo. Maecenas rhoncus aliquam lacus. Morbi quis tortor id nulla ultrices aliquet.
122,179,2.1,Ut at dolor quis odio consequat varius. Integer ac leo.
117,193,2.0,"Mauris enim leo, rhoncus sed, vestibulum sit amet, cursus id, turpis. Integer aliquet, massa id lobortis convallis, tortor risus dapibus augue, vel accumsan tellus nisi eu orci. Mauris lacinia sapien quis libero."
87,22,4.8,Integer ac leo. Pellentesque ultrices mattis odio. Donec vitae nisi.
98,57,3.6,Nullam porttitor lacus at turpis. Donec posuere metus vitae ipsum. Aliquam non mauris.
3,52,2.8,Aliquam sit amet diam in magna bibendum imperdiet.
168,130,4.9,Integer tincidunt ante vel ipsum.
65,71,4.2,"Lorem ipsum dolor sit amet, consectetuer adipiscing elit. Proin risus. Praesent lectus."
38,63,4.0,"In est risus, auctor sed, tristique in, tempus sit amet, sem. Fusce consequat. Nulla nisl."
152,111,3.2,Vestibulum sed magna at nunc commodo placerat. Praesent blandit. Nam nulla.
133,49,2.0,Mauris lacinia sapien quis libero. Nullam sit amet turpis elementum ligula vehicula consequat.
62,75,3.2,Sed sagittis.
35,60,4.5,"Mauris enim leo, rhoncus sed, vestibulum sit amet, cursus id, turpis. Integer aliquet, massa id lobortis convallis, tortor risus dapibus augue, vel accumsan tellus nisi eu orci. Mauris lacinia sapien quis libero."
113,25,4.8,Maecenas rhoncus aliquam lacus. Morbi quis tortor id nulla ultrices aliquet.
133,1,4.1,"Vestibulum quam sapien, varius ut, blandit non, interdum in, ante. Vestibulum ante ipsum primis in faucibus orci luctus et ultrices posuere cubilia Curae; Duis faucibus accumsan odio."
111,148,4.6,Aliquam quis turpis eget elit sodales scelerisque. Mauris sit amet eros. Suspendisse accumsan tortor quis turpis.
124,103,4.4,"Morbi quis tortor id nulla ultrices aliquet. Maecenas leo odio, condimentum id, luctus nec, molestie sed, justo."
171,70,3.9,"Suspendisse ornare consequat lectus. In est risus, auctor sed, tristique in, tempus sit amet, sem. Fusce consequat."
134,4,5.0,"Integer aliquet, massa id lobortis convallis, tortor risus dapibus augue, vel accumsan tellus nisi eu orci. Mauris lacinia sapien quis libero."
38,89,3.2,Duis aliquam convallis nunc.
164,64,2.6,"Vivamus vestibulum sagittis sapien. Cum sociis natoque penatibus et magnis dis parturient montes, nascetur ridiculus mus. Etiam vel augue."
93,24,2.8,"Nam ultrices, libero non mattis pulvinar, nulla pede ullamcorper augue, a suscipit nulla elit ac nulla. Sed vel enim sit amet nunc viverra dapibus."
156,49,3.6,"Nullam orci pede, venenatis non, sodales sed, tincidunt eu, felis. Fusce posuere felis sed lacus. Morbi sem mauris, laoreet ut, rhoncus aliquet, pulvinar sed, nisl."
32,94,3.9,"Donec ut mauris eget massa tempor convallis. Nulla neque libero, convallis eget, eleifend luctus, ultricies eu, nibh. Quisque id justo sit amet sapien dignissim vestibulum."
84,27,2.5,"Sed sagittis. Nam congue, risus semper porta volutpat, quam pede lobortis ligula, sit amet eleifend pede libero quis orci. Nullam molestie nibh in lectus."
85,109,2.7,Morbi non quam nec dui luctus rutrum.
118,188,4.3,Donec semper sapien a libero.
116,2,3.4,"Nam nulla. Integer pede justo, lacinia eget, tincidunt eget, tempus vel, pede. Morbi porttitor lorem id ligula."
47,56,1.1,"Maecenas leo odio, condimentum id, luctus nec, molestie sed, justo."
70,22,1.4,Curabitur at ipsum ac tellus semper interdum.
141,100,2.0,Suspendisse potenti.
79,114,2.3,Aenean fermentum.
2,24,3.8,"Morbi ut odio. Cras mi pede, malesuada in, imperdiet et, commodo vulputate, justo. In blandit ultrices enim."
5,141,1.4,"Donec odio justo, sollicitudin ut, suscipit a, feugiat et, eros."
166,98,1.4,"Vivamus vestibulum sagittis sapien. Cum sociis natoque penatibus et magnis dis parturient montes, nascetur ridiculus mus. Etiam vel augue."
138,124,1.5,"Morbi ut odio. Cras mi pede, malesuada in, imperdiet et, commodo vulputate, justo."
136,87,1.8,Cras pellentesque volutpat dui.
57,53,2.4,In eleifend quam a odio.
145,54,1.6,"Morbi odio odio, elementum eu, interdum eu, tincidunt in, leo. Maecenas pulvinar lobortis est. Phasellus sit amet erat."
76,131,1.7,"Curabitur in libero ut massa volutpat convallis. Morbi odio odio, elementum eu, interdum eu, tincidunt in, leo. Maecenas pulvinar lobortis est."
147,83,2.1,"Vestibulum ante ipsum primis in faucibus orci luctus et ultrices posuere cubilia Curae; Donec pharetra, magna vestibulum aliquet ultrices, erat tortor sollicitudin mi, sit amet lobortis sapien sapien non mi. Integer ac neque."
155,160,3.5,Vestibulum sed magna at nunc commodo placerat. Praesent blandit.
143,129,2.8,Ut tellus.
116,75,3.8,"In est risus, auctor sed, tristique in, tempus sit amet, sem. Fusce consequat."
120,19,3.7,"Cras pellentesque volutpat dui. Maecenas tristique, est et tempus semper, est quam pharetra magna, ac consequat metus sapien ut nunc."
105,175,2.5,Nulla nisl. Nunc nisl.
168,69,2.1,Donec posuere metus vitae ipsum. Aliquam non mauris.
51,155,1.9,Donec semper sapien a libero. Nam dui.
76,58,3.0,"Cum sociis natoque penatibus et magnis dis parturient montes, nascetur ridiculus mus. Etiam vel augue. Vestibulum rutrum rutrum neque."
143,14,2.6,"In blandit ultrices enim. Lorem ipsum dolor sit amet, consectetuer adipiscing elit. Proin interdum mauris non ligula pellentesque ultrices."
165,18,2.3,"Cras pellentesque volutpat dui. Maecenas tristique, est et tempus semper, est quam pharetra magna, ac consequat metus sapien ut nunc."
21,151,2.3,Curabitur convallis. Duis consequat dui nec nisi volutpat eleifend. Donec ut dolor.
99,177,4.8,Aliquam erat volutpat. In congue. Etiam justo.
55,165,1.3,Donec dapibus.
129,178,3.9,"Vivamus vestibulum sagittis sapien. Cum sociis natoque penatibus et magnis dis parturient montes, nascetur ridiculus mus."
159,113,3.6,"Morbi quis tortor id nulla ultrices aliquet. Maecenas leo odio, condimentum id, luctus nec, molestie sed, justo."
22,64,4.8,Vivamus tortor. Duis mattis egestas metus.
64,105,4.0,Etiam pretium iaculis justo. In hac habitasse platea dictumst. Etiam faucibus cursus urna.
11,164,2.3,"Donec ut mauris eget massa tempor convallis. Nulla neque libero, convallis eget, eleifend luctus, ultricies eu, nibh. Quisque id justo sit amet sapien dignissim vestibulum."
87,51,1.5,Suspendisse potenti.
173,66,2.0,"In hac habitasse platea dictumst. Morbi vestibulum, velit id pretium iaculis, diam erat fermentum justo, nec condimentum neque sapien placerat ante. Nulla justo."
73,97,1.2,Suspendisse potenti. Nullam porttitor lacus at turpis.
50,25,1.0,"Vestibulum quam sapien, varius ut, blandit non, interdum in, ante."
86,177,4.3,"Donec odio justo, sollicitudin ut, suscipit a, feugiat et, eros."
44,157,1.6,"Vestibulum ante ipsum primis in faucibus orci luctus et ultrices posuere cubilia Curae; Donec pharetra, magna vestibulum aliquet ultrices, erat tortor sollicitudin mi, sit amet lobortis sapien sapien non mi. Integer ac neque. Duis bibendum."
144,179,4.5,Donec semper sapien a libero.
30,174,4.7,Praesent blandit lacinia erat. Vestibulum sed magna at nunc commodo placerat. Praesent blandit.
10,107,4.1,"Fusce posuere felis sed lacus. Morbi sem mauris, laoreet ut, rhoncus aliquet, pulvinar sed, nisl."
130,113,4.1,"In blandit ultrices enim. Lorem ipsum dolor sit amet, consectetuer adipiscing elit."
144,147,3.5,Praesent blandit lacinia erat.
16,105,1.3,"Donec ut mauris eget massa tempor convallis. Nulla neque libero, convallis eget, eleifend luctus, ultricies eu, nibh. Quisque id justo sit amet sapien dignissim vestibulum."
94,150,5.0,Etiam pretium iaculis justo. In hac habitasse platea dictumst. Etiam faucibus cursus urna.
48,101,4.7,"Nunc nisl. Duis bibendum, felis sed interdum venenatis, turpis enim blandit mi, in porttitor pede justo eu massa. Donec dapibus."
123,47,4.3,Phasellus sit amet erat. Nulla tempus. Vivamus in felis eu sapien cursus vestibulum.
15,84,2.0,"Vestibulum quam sapien, varius ut, blandit non, interdum in, ante."
69,165,1.8,Praesent blandit lacinia erat. Vestibulum sed magna at nunc commodo placerat.
137,193,4.1,Morbi quis tortor id nulla ultrices aliquet.
105,55,3.8,Phasellus sit amet erat. Nulla tempus.
26,60,4.9,"Maecenas leo odio, condimentum id, luctus nec, molestie sed, justo. Pellentesque viverra pede ac diam. Cras pellentesque volutpat dui."
41,101,4.1,Praesent blandit lacinia erat. Vestibulum sed magna at nunc commodo placerat.
77,138,3.0,Duis aliquam convallis nunc. Proin at turpis a pede posuere nonummy. Integer non velit.
115,146,3.3,"Duis ac nibh. Fusce lacus purus, aliquet at, feugiat non, pretium quis, lectus. Suspendisse potenti."
5,116,3.2,"In hac habitasse platea dictumst. Morbi vestibulum, velit id pretium iaculis, diam erat fermentum justo, nec condimentum neque sapien placerat ante. Nulla justo."
23,145,1.9,Aliquam non mauris. Morbi non lectus.
73,95,4.3,"Sed sagittis. Nam congue, risus semper porta volutpat, quam pede lobortis ligula, sit amet eleifend pede libero quis orci. Nullam molestie nibh in lectus."
59,187,4.0,"Integer pede justo, lacinia eget, tincidunt eget, tempus vel, pede. Morbi porttitor lorem id ligula. Suspendisse ornare consequat lectus."
159,138,1.9,Aliquam quis turpis eget elit sodales scelerisque.
137,194,1.2,Quisque ut erat. Curabitur gravida nisi at nibh.
131,44,3.2,In eleifend quam a odio. In hac habitasse platea dictumst.
25,5,1.9,Sed accumsan felis. Ut at dolor quis odio consequat varius.
80,26,1.6,Suspendisse potenti. Cras in purus eu magna vulputate luctus.
5,94,2.5,Vestibulum ante ipsum primis in faucibus orci luctus et ultrices posuere cubilia Curae; Mauris viverra diam vitae quam.
34,111,4.5,"Maecenas leo odio, condimentum id, luctus nec, molestie sed, justo."
100,61,1.0,"Sed sagittis. Nam congue, risus semper porta volutpat, quam pede lobortis ligula, sit amet eleifend pede libero quis orci."
128,72,4.5,Duis mattis egestas metus. Aenean fermentum.
124,13,4.6,In eleifend quam a odio. In hac habitasse platea dictumst. Maecenas ut massa quis augue luctus tincidunt.
48,34,1.1,Donec quis orci eget orci vehicula condimentum.
7,119,3.7,"In tempor, turpis nec euismod scelerisque, quam turpis adipiscing lorem, vitae mattis nibh ligula nec sem. Duis aliquam convallis nunc."
147,85,1.0,Ut tellus.
3,79,4.6,Duis bibendum. Morbi non quam nec dui luctus rutrum. Nulla tellus.
149,128,4.1,"Donec quis orci eget orci vehicula condimentum. Curabitur in libero ut massa volutpat convallis. Morbi odio odio, elementum eu, interdum eu, tincidunt in, leo."
32,146,3.3,Nullam sit amet turpis elementum ligula vehicula consequat.
107,134,4.0,Donec ut dolor.
86,43,4.1,Integer tincidunt ante vel ipsum.
24,121,1.5,Aliquam quis turpis eget elit sodales scelerisque. Mauris sit amet eros. Suspendisse accumsan tortor quis turpis.
29,90,2.3,"Vestibulum ante ipsum primis in faucibus orci luctus et ultrices posuere cubilia Curae; Donec pharetra, magna vestibulum aliquet ultrices, erat tortor sollicitudin mi, sit amet lobortis sapien sapien non mi. Integer ac neque."
71,46,2.5,Nulla facilisi. Cras non velit nec nisi vulputate nonummy. Maecenas tincidunt lacus at velit.
108,75,2.7,Proin interdum mauris non ligula pellentesque ultrices. Phasellus id sapien in sapien iaculis congue.
62,188,1.4,"Duis ac nibh. Fusce lacus purus, aliquet at, feugiat non, pretium quis, lectus."
147,17,4.1,Sed vel enim sit amet nunc viverra dapibus. Nulla suscipit ligula in lacus.
64,137,2.7,"Vestibulum ac est lacinia nisi venenatis tristique. Fusce congue, diam id ornare imperdiet, sapien urna pretium nisl, ut volutpat sapien arcu sed augue."
36,18,4.0,Integer non velit.
140,120,2.3,"Morbi ut odio. Cras mi pede, malesuada in, imperdiet et, commodo vulputate, justo."
29,107,4.0,"Morbi vel lectus in quam fringilla rhoncus. Mauris enim leo, rhoncus sed, vestibulum sit amet, cursus id, turpis."
57,19,1.1,"Morbi vestibulum, velit id pretium iaculis, diam erat fermentum justo, nec condimentum neque sapien placerat ante."
104,63,3.7,In quis justo. Maecenas rhoncus aliquam lacus.
63,17,2.7,"Morbi ut odio. Cras mi pede, malesuada in, imperdiet et, commodo vulputate, justo."
21,154,2.6,Mauris sit amet eros. Suspendisse accumsan tortor quis turpis.
170,140,1.2,Nulla ut erat id mauris vulputate elementum. Nullam varius. Nulla facilisi.
152,129,1.2,Nullam molestie nibh in lectus.
137,92,1.3,Duis bibendum. Morbi non quam nec dui luctus rutrum.
78,3,2.4,Nulla ut erat id mauris vulputate elementum. Nullam varius. Nulla facilisi.
120,111,3.8,"Donec vitae nisi. Nam ultrices, libero non mattis pulvinar, nulla pede ullamcorper augue, a suscipit nulla elit ac nulla. Sed vel enim sit amet nunc viverra dapibus."
148,44,2.6,Etiam pretium iaculis justo. In hac habitasse platea dictumst.
80,73,3.8,"Phasellus id sapien in sapien iaculis congue. Vivamus metus arcu, adipiscing molestie, hendrerit at, vulputate vitae, nisl."
98,193,2.1,Duis consequat dui nec nisi volutpat eleifend. Donec ut dolor. Morbi vel lectus in quam fringilla rhoncus.
63,50,1.6,Morbi non lectus.
158,127,3.0,"Nulla nisl. Nunc nisl. Duis bibendum, felis sed interdum venenatis, turpis enim blandit mi, in porttitor pede justo eu massa."
19,11,4.0,Morbi vel lectus in quam fringilla rhoncus.
108,38,3.6,Pellentesque at nulla. Suspendisse potenti.
58,57,4.5,"In hac habitasse platea dictumst. Aliquam augue quam, sollicitudin vitae, consectetuer eget, rutrum at, lorem. Integer tincidunt ante vel ipsum."
43,25,1.2,"Cum sociis natoque penatibus et magnis dis parturient montes, nascetur ridiculus mus."
136,140,4.2,Nulla ut erat id mauris vulputate elementum. Nullam varius. Nulla facilisi.
154,3,4.3,"Phasellus id sapien in sapien iaculis congue. Vivamus metus arcu, adipiscing molestie, hendrerit at, vulputate vitae, nisl. Aenean lectus."
153,105,3.7,"Cras in purus eu magna vulputate luctus. Cum sociis natoque penatibus et magnis dis parturient montes, nascetur ridiculus mus. Vivamus vestibulum sagittis sapien."
110,166,4.9,Duis bibendum. Morbi non quam nec dui luctus rutrum. Nulla tellus.
35,104,3.5,"Duis bibendum, felis sed interdum venenatis, turpis enim blandit mi, in porttitor pede justo eu massa."
126,152,1.8,"Duis ac nibh. Fusce lacus purus, aliquet at, feugiat non, pretium quis, lectus."
155,35,2.7,Curabitur gravida nisi at nibh. In hac habitasse platea dictumst.
139,117,2.6,"Donec quis orci eget orci vehicula condimentum. Curabitur in libero ut massa volutpat convallis. Morbi odio odio, elementum eu, interdum eu, tincidunt in, leo."
103,29,4.8,Nulla tellus. In sagittis dui vel nisl.
45,38,3.8,Mauris sit amet eros. Suspendisse accumsan tortor quis turpis.
62,60,2.3,"Maecenas tristique, est et tempus semper, est quam pharetra magna, ac consequat metus sapien ut nunc."
81,10,1.0,"Vestibulum quam sapien, varius ut, blandit non, interdum in, ante."
107,182,2.2,"Morbi sem mauris, laoreet ut, rhoncus aliquet, pulvinar sed, nisl. Nunc rhoncus dui vel sem. Sed sagittis."
59,37,2.6,"Morbi vestibulum, velit id pretium iaculis, diam erat fermentum justo, nec condimentum neque sapien placerat ante. Nulla justo. Aliquam quis turpis eget elit sodales scelerisque."
165,35,4.2,Morbi non lectus.
133,37,4.1,Pellentesque ultrices mattis odio. Donec vitae nisi.
69,24,2.7,"Curabitur at ipsum ac tellus semper interdum. Mauris ullamcorper purus sit amet nulla. Quisque arcu libero, rutrum ac, lobortis vel, dapibus at, diam."
16,1,3.5,Proin at turpis a pede posuere nonummy.
126,30,1.6,Pellentesque at nulla. Suspendisse potenti.
1,156,3.5,Proin eu mi.
88,147,3.3,Curabitur convallis. Duis consequat dui nec nisi volutpat eleifend. Donec ut dolor.
62,139,3.0,"Donec ut mauris eget massa tempor convallis. Nulla neque libero, convallis eget, eleifend luctus, ultricies eu, nibh. Quisque id justo sit amet sapien dignissim vestibulum."
78,137,2.5,Etiam vel augue. Vestibulum rutrum rutrum neque.
147,30,4.0,"Donec quis orci eget orci vehicula condimentum. Curabitur in libero ut massa volutpat convallis. Morbi odio odio, elementum eu, interdum eu, tincidunt in, leo."
127,63,3.9,Phasellus in felis.
95,57,4.4,"Morbi vestibulum, velit id pretium iaculis, diam erat fermentum justo, nec condimentum neque sapien placerat ante. Nulla justo."
3,37,4.1,Etiam pretium iaculis justo. In hac habitasse platea dictumst. Etiam faucibus cursus urna.
125,36,1.6,Nullam varius.
41,25,1.2,Sed ante.
63,63,4.8,"Donec odio justo, sollicitudin ut, suscipit a, feugiat et, eros. Vestibulum ac est lacinia nisi venenatis tristique."
19,186,2.4,"Fusce congue, diam id ornare imperdiet, sapien urna pretium nisl, ut volutpat sapien arcu sed augue. Aliquam erat volutpat."
62,88,2.6,"Nunc rhoncus dui vel sem. Sed sagittis. Nam congue, risus semper porta volutpat, quam pede lobortis ligula, sit amet eleifend pede libero quis orci."
3,85,3.4,Vestibulum ante ipsum primis in faucibus orci luctus et ultrices posuere cubilia Curae; Mauris viverra diam vitae quam.
125,159,2.5,Aenean fermentum. Donec ut mauris eget massa tempor convallis.
84,164,3.4,Proin eu mi. Nulla ac enim.
69,143,1.0,"Vestibulum ante ipsum primis in faucibus orci luctus et ultrices posuere cubilia Curae; Nulla dapibus dolor vel est. Donec odio justo, sollicitudin ut, suscipit a, feugiat et, eros. Vestibulum ac est lacinia nisi venenatis tristique."
125,67,1.6,Nunc rhoncus dui vel sem. Sed sagittis.
33,30,3.5,"Mauris enim leo, rhoncus sed, vestibulum sit amet, cursus id, turpis. Integer aliquet, massa id lobortis convallis, tortor risus dapibus augue, vel accumsan tellus nisi eu orci. Mauris lacinia sapien quis libero."
5,91,3.5,"Nulla neque libero, convallis eget, eleifend luctus, ultricies eu, nibh."
64,103,2.8,"Cras in purus eu magna vulputate luctus. Cum sociis natoque penatibus et magnis dis parturient montes, nascetur ridiculus mus. Vivamus vestibulum sagittis sapien."
95,17,3.3,Suspendisse potenti. In eleifend quam a odio. In hac habitasse platea dictumst.
113,132,2.2,Morbi porttitor lorem id ligula.
117,45,4.6,Vestibulum rutrum rutrum neque.
63,100,3.5,Aenean lectus. Pellentesque eget nunc.
65,95,1.2,Aenean auctor gravida sem. Praesent id massa id nisl venenatis lacinia.
36,70,1.8,Maecenas ut massa quis augue luctus tincidunt.
143,188,1.4,Mauris lacinia sapien quis libero.
138,48,2.2,"Nulla ac enim. In tempor, turpis nec euismod scelerisque, quam turpis adipiscing lorem, vitae mattis nibh ligula nec sem. Duis aliquam convallis nunc."
24,65,4.8,"Quisque porta volutpat erat. Quisque erat eros, viverra eget, congue eget, semper rutrum, nulla."
6,81,4.8,"Vestibulum quam sapien, varius ut, blandit non, interdum in, ante. Vestibulum ante ipsum primis in faucibus orci luctus et ultrices posuere cubilia Curae; Duis faucibus accumsan odio. Curabitur convallis."
8,39,1.1,Morbi porttitor lorem id ligula. Suspendisse ornare consequat lectus.
109,34,1.2,Suspendisse ornare consequat lectus.
21,37,4.3,"Fusce posuere felis sed lacus. Morbi sem mauris, laoreet ut, rhoncus aliquet, pulvinar sed, nisl. Nunc rhoncus dui vel sem."
145,149,1.2,"Morbi odio odio, elementum eu, interdum eu, tincidunt in, leo."
113,182,1.4,Pellentesque eget nunc.
44,57,2.5,Phasellus in felis. Donec semper sapien a libero. Nam dui.
76,74,3.6,"Donec vitae nisi. Nam ultrices, libero non mattis pulvinar, nulla pede ullamcorper augue, a suscipit nulla elit ac nulla. Sed vel enim sit amet nunc viverra dapibus."
37,125,1.8,Vestibulum ante ipsum primis in faucibus orci luctus et ultrices posuere cubilia Curae; Duis faucibus accumsan odio. Curabitur convallis.
148,113,4.8,Sed accumsan felis. Ut at dolor quis odio consequat varius. Integer ac leo.
159,97,4.2,Pellentesque eget nunc.
132,18,3.0,Suspendisse potenti. Nullam porttitor lacus at turpis.
115,175,4.6,Nunc purus. Phasellus in felis.
102,147,3.1,Donec posuere metus vitae ipsum.
5,117,3.4,Vestibulum ac est lacinia nisi venenatis tristique.
67,40,1.0,Donec ut mauris eget massa tempor convallis.
127,124,3.5,Aenean auctor gravida sem. Praesent id massa id nisl venenatis lacinia.
128,154,2.4,Maecenas tincidunt lacus at velit. Vivamus vel nulla eget eros elementum pellentesque.
62,180,2.7,Nulla ut erat id mauris vulputate elementum. Nullam varius.
30,45,4.3,Sed accumsan felis. Ut at dolor quis odio consequat varius. Integer ac leo.
6,187,4.6,"Aliquam sit amet diam in magna bibendum imperdiet. Nullam orci pede, venenatis non, sodales sed, tincidunt eu, felis."
8,169,3.1,Nullam varius.
25,89,3.5,"Proin leo odio, porttitor id, consequat in, consequat ut, nulla."
15,89,2.0,"Vestibulum quam sapien, varius ut, blandit non, interdum in, ante. Vestibulum ante ipsum primis in faucibus orci luctus et ultrices posuere cubilia Curae; Duis faucibus accumsan odio. Curabitur convallis."
115,10,3.6,Vestibulum sed magna at nunc commodo placerat. Praesent blandit. Nam nulla.
15,18,2.4,"Cras mi pede, malesuada in, imperdiet et, commodo vulputate, justo. In blandit ultrices enim."
145,6,1.8,Cras in purus eu magna vulputate luctus.
4,38,2.6,Vestibulum rutrum rutrum neque.
149,158,4.8,"Morbi odio odio, elementum eu, interdum eu, tincidunt in, leo. Maecenas pulvinar lobortis est. Phasellus sit amet erat."
128,103,4.7,Aenean auctor gravida sem.
65,64,1.0,"Morbi odio odio, elementum eu, interdum eu, tincidunt in, leo. Maecenas pulvinar lobortis est."
166,155,2.6,"Nullam orci pede, venenatis non, sodales sed, tincidunt eu, felis. Fusce posuere felis sed lacus."
164,54,1.6,Aliquam quis turpis eget elit sodales scelerisque. Mauris sit amet eros.
54,149,3.8,"Fusce posuere felis sed lacus. Morbi sem mauris, laoreet ut, rhoncus aliquet, pulvinar sed, nisl."
95,177,3.9,In congue. Etiam justo.
136,169,4.0,"Donec odio justo, sollicitudin ut, suscipit a, feugiat et, eros. Vestibulum ac est lacinia nisi venenatis tristique."
33,59,3.8,Vestibulum sed magna at nunc commodo placerat. Praesent blandit.
21,57,1.1,"Proin risus. Praesent lectus. Vestibulum quam sapien, varius ut, blandit non, interdum in, ante."
68,196,4.7,Quisque id justo sit amet sapien dignissim vestibulum.
5,118,3.1,Phasellus sit amet erat. Nulla tempus. Vivamus in felis eu sapien cursus vestibulum.
168,44,4.3,In quis justo. Maecenas rhoncus aliquam lacus.
3,72,1.9,In sagittis dui vel nisl. Duis ac nibh.
113,15,2.8,"Proin at turpis a pede posuere nonummy. Integer non velit. Donec diam neque, vestibulum eget, vulputate ut, ultrices vel, augue."
130,68,4.5,Duis mattis egestas metus. Aenean fermentum. Donec ut mauris eget massa tempor convallis.
137,135,3.4,Ut tellus.
110,94,2.7,Donec semper sapien a libero.
49,80,1.1,Vestibulum ante ipsum primis in faucibus orci luctus et ultrices posuere cubilia Curae; Mauris viverra diam vitae quam. Suspendisse potenti. Nullam porttitor lacus at turpis.
10,75,3.5,"Integer pede justo, lacinia eget, tincidunt eget, tempus vel, pede. Morbi porttitor lorem id ligula."
149,70,3.4,Nulla facilisi. Cras non velit nec nisi vulputate nonummy. Maecenas tincidunt lacus at velit.
46,57,2.0,"Morbi quis tortor id nulla ultrices aliquet. Maecenas leo odio, condimentum id, luctus nec, molestie sed, justo. Pellentesque viverra pede ac diam."
129,177,1.0,Curabitur at ipsum ac tellus semper interdum.
87,151,4.1,"Proin leo odio, porttitor id, consequat in, consequat ut, nulla. Sed accumsan felis. Ut at dolor quis odio consequat varius."
13,188,1.8,"Cras pellentesque volutpat dui. Maecenas tristique, est et tempus semper, est quam pharetra magna, ac consequat metus sapien ut nunc."
145,25,2.0,"Donec odio justo, sollicitudin ut, suscipit a, feugiat et, eros."
162,9,1.4,"Proin leo odio, porttitor id, consequat in, consequat ut, nulla. Sed accumsan felis."
131,103,1.5,Etiam vel augue. Vestibulum rutrum rutrum neque. Aenean auctor gravida sem.
104,93,2.2,Etiam faucibus cursus urna.
91,109,4.0,Aliquam quis turpis eget elit sodales scelerisque. Mauris sit amet eros.
107,139,1.9,Fusce posuere felis sed lacus.
21,59,4.2,Maecenas tincidunt lacus at velit. Vivamus vel nulla eget eros elementum pellentesque.
140,176,1.2,"Nulla neque libero, convallis eget, eleifend luctus, ultricies eu, nibh. Quisque id justo sit amet sapien dignissim vestibulum."
11,25,1.8,"Integer aliquet, massa id lobortis convallis, tortor risus dapibus augue, vel accumsan tellus nisi eu orci. Mauris lacinia sapien quis libero. Nullam sit amet turpis elementum ligula vehicula consequat."
73,90,2.8,"Nulla nisl. Nunc nisl. Duis bibendum, felis sed interdum venenatis, turpis enim blandit mi, in porttitor pede justo eu massa."
138,59,2.4,Praesent id massa id nisl venenatis lacinia. Aenean sit amet justo. Morbi ut odio.
15,175,1.2,Nulla facilisi. Cras non velit nec nisi vulputate nonummy. Maecenas tincidunt lacus at velit.
6,13,3.4,Phasellus in felis. Donec semper sapien a libero. Nam dui.
24,24,3.8,Nulla mollis molestie lorem.
37,24,3.7,Donec dapibus. Duis at velit eu est congue elementum.
82,76,1.1,"Integer pede justo, lacinia eget, tincidunt eget, tempus vel, pede. Morbi porttitor lorem id ligula."
109,167,2.3,"Morbi sem mauris, laoreet ut, rhoncus aliquet, pulvinar sed, nisl."
173,22,1.1,"Maecenas leo odio, condimentum id, luctus nec, molestie sed, justo. Pellentesque viverra pede ac diam."
66,157,1.9,Vestibulum ante ipsum primis in faucibus orci luctus et ultrices posuere cubilia Curae; Mauris viverra diam vitae quam. Suspendisse potenti. Nullam porttitor lacus at turpis.
46,72,4.0,"Suspendisse potenti. Cras in purus eu magna vulputate luctus. Cum sociis natoque penatibus et magnis dis parturient montes, nascetur ridiculus mus."
142,47,4.8,Aliquam erat volutpat.
165,20,1.9,"Vivamus metus arcu, adipiscing molestie, hendrerit at, vulputate vitae, nisl."
10,88,1.8,"Donec ut dolor. Morbi vel lectus in quam fringilla rhoncus. Mauris enim leo, rhoncus sed, vestibulum sit amet, cursus id, turpis."
47,129,2.0,Maecenas rhoncus aliquam lacus.
92,117,1.6,Phasellus in felis. Donec semper sapien a libero. Nam dui.
56,155,2.3,Proin at turpis a pede posuere nonummy. Integer non velit.
29,64,1.8,Donec ut dolor. Morbi vel lectus in quam fringilla rhoncus.
47,123,1.7,"Suspendisse potenti. Cras in purus eu magna vulputate luctus. Cum sociis natoque penatibus et magnis dis parturient montes, nascetur ridiculus mus."
26,52,3.8,"Nunc rhoncus dui vel sem. Sed sagittis. Nam congue, risus semper porta volutpat, quam pede lobortis ligula, sit amet eleifend pede libero quis orci."
66,187,1.9,Cras non velit nec nisi vulputate nonummy.
165,103,3.7,Maecenas tincidunt lacus at velit. Vivamus vel nulla eget eros elementum pellentesque.
101,150,1.6,Ut at dolor quis odio consequat varius.
85,148,2.7,"In sagittis dui vel nisl. Duis ac nibh. Fusce lacus purus, aliquet at, feugiat non, pretium quis, lectus."
97,137,4.2,Nulla tempus. Vivamus in felis eu sapien cursus vestibulum. Proin eu mi.
72,184,4.9,Sed vel enim sit amet nunc viverra dapibus.
24,18,1.1,Duis aliquam convallis nunc. Proin at turpis a pede posuere nonummy.
135,168,2.7,Nullam sit amet turpis elementum ligula vehicula consequat. Morbi a ipsum. Integer a nibh.
121,88,4.7,"Integer pede justo, lacinia eget, tincidunt eget, tempus vel, pede. Morbi porttitor lorem id ligula."
4,110,4.0,Vivamus tortor.
6,183,2.8,Nullam molestie nibh in lectus. Pellentesque at nulla. Suspendisse potenti.
49,90,3.7,"Maecenas leo odio, condimentum id, luctus nec, molestie sed, justo. Pellentesque viverra pede ac diam."
112,168,1.1,"Suspendisse ornare consequat lectus. In est risus, auctor sed, tristique in, tempus sit amet, sem. Fusce consequat."
71,66,1.5,Ut tellus. Nulla ut erat id mauris vulputate elementum. Nullam varius.
163,134,4.1,Pellentesque ultrices mattis odio.
27,79,4.1,Curabitur gravida nisi at nibh. In hac habitasse platea dictumst.
58,25,2.6,Morbi a ipsum. Integer a nibh. In quis justo.
159,163,3.5,In hac habitasse platea dictumst.
87,69,4.9,Etiam vel augue.
99,76,1.2,"Nullam orci pede, venenatis non, sodales sed, tincidunt eu, felis."
47,22,4.5,Sed accumsan felis. Ut at dolor quis odio consequat varius.
107,17,1.3,"Morbi odio odio, elementum eu, interdum eu, tincidunt in, leo. Maecenas pulvinar lobortis est."
33,56,2.5,Quisque porta volutpat erat.
148,126,3.4,Proin at turpis a pede posuere nonummy. Integer non velit.
26,95,2.2,"Cum sociis natoque penatibus et magnis dis parturient montes, nascetur ridiculus mus."
88,123,1.5,Ut tellus. Nulla ut erat id mauris vulputate elementum. Nullam varius.
33,44,3.7,Nulla mollis molestie lorem. Quisque ut erat. Curabitur gravida nisi at nibh.
153,112,1.7,Quisque porta volutpat erat.
41,179,1.5,Suspendisse potenti. Cras in purus eu magna vulputate luctus.
76,106,1.0,Maecenas ut massa quis augue luctus tincidunt.
158,120,1.9,"In est risus, auctor sed, tristique in, tempus sit amet, sem. Fusce consequat."
61,171,1.9,Duis bibendum. Morbi non quam nec dui luctus rutrum.
142,155,4.4,Donec ut dolor. Morbi vel lectus in quam fringilla rhoncus.
22,2,4.2,Morbi non quam nec dui luctus rutrum. Nulla tellus. In sagittis dui vel nisl.
83,17,2.6,"Fusce congue, diam id ornare imperdiet, sapien urna pretium nisl, ut volutpat sapien arcu sed augue."
120,96,4.1,Curabitur at ipsum ac tellus semper interdum.
68,173,2.4,"Donec diam neque, vestibulum eget, vulputate ut, ultrices vel, augue. Vestibulum ante ipsum primis in faucibus orci luctus et ultrices posuere cubilia Curae; Donec pharetra, magna vestibulum aliquet ultrices, erat tortor sollicitudin mi, sit amet lobortis sapien sapien non mi. Integer ac neque."
21,38,1.5,Aenean fermentum. Donec ut mauris eget massa tempor convallis.
61,21,3.3,Pellentesque viverra pede ac diam. Cras pellentesque volutpat dui.
130,150,1.8,Etiam vel augue. Vestibulum rutrum rutrum neque. Aenean auctor gravida sem.
59,37,3.8,Aenean auctor gravida sem. Praesent id massa id nisl venenatis lacinia.
150,150,2.9,"Morbi non lectus. Aliquam sit amet diam in magna bibendum imperdiet. Nullam orci pede, venenatis non, sodales sed, tincidunt eu, felis."
167,192,4.3,Aenean sit amet justo. Morbi ut odio.
89,113,2.4,Nunc purus. Phasellus in felis.
171,129,4.1,Praesent blandit.
22,171,4.5,Nunc purus. Phasellus in felis.
155,62,2.4,"Vestibulum ante ipsum primis in faucibus orci luctus et ultrices posuere cubilia Curae; Nulla dapibus dolor vel est. Donec odio justo, sollicitudin ut, suscipit a, feugiat et, eros."
91,18,4.2,"In tempor, turpis nec euismod scelerisque, quam turpis adipiscing lorem, vitae mattis nibh ligula nec sem. Duis aliquam convallis nunc."
120,41,4.4,Maecenas tincidunt lacus at velit. Vivamus vel nulla eget eros elementum pellentesque.
90,76,3.4,"Nulla neque libero, convallis eget, eleifend luctus, ultricies eu, nibh. Quisque id justo sit amet sapien dignissim vestibulum."
9,164,1.2,"Mauris enim leo, rhoncus sed, vestibulum sit amet, cursus id, turpis."
84,163,4.7,Pellentesque viverra pede ac diam.
9,11,3.1,"Phasellus id sapien in sapien iaculis congue. Vivamus metus arcu, adipiscing molestie, hendrerit at, vulputate vitae, nisl. Aenean lectus."
71,27,2.3,"Vestibulum ac est lacinia nisi venenatis tristique. Fusce congue, diam id ornare imperdiet, sapien urna pretium nisl, ut volutpat sapien arcu sed augue. Aliquam erat volutpat."
75,172,1.5,Donec posuere metus vitae ipsum. Aliquam non mauris. Morbi non lectus.
16,68,4.8,Vestibulum rutrum rutrum neque.
60,12,1.6,"Fusce congue, diam id ornare imperdiet, sapien urna pretium nisl, ut volutpat sapien arcu sed augue. Aliquam erat volutpat."
173,107,3.8,Vestibulum ante ipsum primis in faucibus orci luctus et ultrices posuere cubilia Curae; Mauris viverra diam vitae quam.
81,57,1.8,"Vestibulum ante ipsum primis in faucibus orci luctus et ultrices posuere cubilia Curae; Donec pharetra, magna vestibulum aliquet ultrices, erat tortor sollicitudin mi, sit amet lobortis sapien sapien non mi. Integer ac neque. Duis bibendum."
103,11,2.8,Mauris sit amet eros. Suspendisse accumsan tortor quis turpis.
140,37,3.9,"Vestibulum ac est lacinia nisi venenatis tristique. Fusce congue, diam id ornare imperdiet, sapien urna pretium nisl, ut volutpat sapien arcu sed augue."
153,1,2.2,Maecenas ut massa quis augue luctus tincidunt.
74,31,2.5,Donec quis orci eget orci vehicula condimentum.
21,139,1.6,Integer ac leo. Pellentesque ultrices mattis odio. Donec vitae nisi.
27,61,4.3,"Phasellus id sapien in sapien iaculis congue. Vivamus metus arcu, adipiscing molestie, hendrerit at, vulputate vitae, nisl. Aenean lectus."
53,146,1.3,"Donec semper sapien a libero. Nam dui. Proin leo odio, porttitor id, consequat in, consequat ut, nulla."
70,149,1.4,Integer non velit.
94,91,3.8,Morbi porttitor lorem id ligula.
73,15,3.2,Nulla tempus.
76,45,3.3,"Nam ultrices, libero non mattis pulvinar, nulla pede ullamcorper augue, a suscipit nulla elit ac nulla. Sed vel enim sit amet nunc viverra dapibus. Nulla suscipit ligula in lacus."
91,76,1.4,Nulla facilisi. Cras non velit nec nisi vulputate nonummy. Maecenas tincidunt lacus at velit.
49,122,4.8,"Vivamus metus arcu, adipiscing molestie, hendrerit at, vulputate vitae, nisl. Aenean lectus. Pellentesque eget nunc."
11,71,4.7,Sed ante.
86,167,2.8,"Vivamus vestibulum sagittis sapien. Cum sociis natoque penatibus et magnis dis parturient montes, nascetur ridiculus mus."
42,49,2.4,Pellentesque eget nunc.
33,171,3.0,Mauris lacinia sapien quis libero. Nullam sit amet turpis elementum ligula vehicula consequat. Morbi a ipsum.
101,163,1.1,"Donec odio justo, sollicitudin ut, suscipit a, feugiat et, eros. Vestibulum ac est lacinia nisi venenatis tristique. Fusce congue, diam id ornare imperdiet, sapien urna pretium nisl, ut volutpat sapien arcu sed augue."
97,147,4.9,"Morbi odio odio, elementum eu, interdum eu, tincidunt in, leo. Maecenas pulvinar lobortis est. Phasellus sit amet erat."
77,94,4.8,Nulla mollis molestie lorem. Quisque ut erat. Curabitur gravida nisi at nibh.
89,25,3.7,"Nulla ac enim. In tempor, turpis nec euismod scelerisque, quam turpis adipiscing lorem, vitae mattis nibh ligula nec sem."
130,52,3.2,Suspendisse accumsan tortor quis turpis.
103,109,2.3,Etiam vel augue. Vestibulum rutrum rutrum neque.
49,29,4.3,In quis justo. Maecenas rhoncus aliquam lacus.
27,137,4.1,Nulla mollis molestie lorem.
120,199,2.1,Aenean auctor gravida sem.
98,139,4.8,Nunc rhoncus dui vel sem. Sed sagittis.
31,9,1.9,Nunc rhoncus dui vel sem. Sed sagittis.
22,161,2.1,Vivamus in felis eu sapien cursus vestibulum. Proin eu mi. Nulla ac enim.
139,191,3.5,Suspendisse potenti. In eleifend quam a odio.
111,22,2.0,"Donec ut dolor. Morbi vel lectus in quam fringilla rhoncus. Mauris enim leo, rhoncus sed, vestibulum sit amet, cursus id, turpis."
136,45,2.2,"Curabitur gravida nisi at nibh. In hac habitasse platea dictumst. Aliquam augue quam, sollicitudin vitae, consectetuer eget, rutrum at, lorem."
9,55,3.9,Integer ac leo. Pellentesque ultrices mattis odio.
17,107,3.8,"Cras pellentesque volutpat dui. Maecenas tristique, est et tempus semper, est quam pharetra magna, ac consequat metus sapien ut nunc."
128,122,3.8,Nam dui.
15,189,2.2,"Lorem ipsum dolor sit amet, consectetuer adipiscing elit."
16,125,2.6,Duis consequat dui nec nisi volutpat eleifend. Donec ut dolor.
50,94,2.5,Integer a nibh. In quis justo. Maecenas rhoncus aliquam lacus.
84,139,4.8,Suspendisse potenti.
58,52,1.4,"Nunc nisl. Duis bibendum, felis sed interdum venenatis, turpis enim blandit mi, in porttitor pede justo eu massa."
39,32,3.1,Curabitur convallis. Duis consequat dui nec nisi volutpat eleifend. Donec ut dolor.
17,104,1.4,Etiam justo.
117,69,1.0,"Fusce lacus purus, aliquet at, feugiat non, pretium quis, lectus. Suspendisse potenti."
157,162,4.6,"Duis bibendum, felis sed interdum venenatis, turpis enim blandit mi, in porttitor pede justo eu massa. Donec dapibus. Duis at velit eu est congue elementum."
121,21,1.9,Suspendisse potenti. Cras in purus eu magna vulputate luctus.
21,194,3.4,Curabitur at ipsum ac tellus semper interdum.
22,87,3.3,Duis at velit eu est congue elementum.
41,130,3.1,Phasellus sit amet erat. Nulla tempus.
52,181,1.8,Suspendisse potenti.
33,197,2.8,"Integer pede justo, lacinia eget, tincidunt eget, tempus vel, pede. Morbi porttitor lorem id ligula. Suspendisse ornare consequat lectus."
47,125,1.2,"Proin leo odio, porttitor id, consequat in, consequat ut, nulla."
45,9,3.5,Suspendisse potenti. Cras in purus eu magna vulputate luctus.
16,48,2.5,Sed vel enim sit amet nunc viverra dapibus.
153,101,3.9,Nullam molestie nibh in lectus.
81,191,1.7,Sed accumsan felis.
69,142,2.9,Integer a nibh. In quis justo.
15,123,3.4,"Aliquam augue quam, sollicitudin vitae, consectetuer eget, rutrum at, lorem."
124,158,3.6,"Praesent lectus. Vestibulum quam sapien, varius ut, blandit non, interdum in, ante."
141,166,4.4,Duis consequat dui nec nisi volutpat eleifend. Donec ut dolor. Morbi vel lectus in quam fringilla rhoncus.
60,30,3.9,Curabitur at ipsum ac tellus semper interdum.
43,189,5.0,Vivamus tortor. Duis mattis egestas metus. Aenean fermentum.
130,154,3.3,"Mauris enim leo, rhoncus sed, vestibulum sit amet, cursus id, turpis. Integer aliquet, massa id lobortis convallis, tortor risus dapibus augue, vel accumsan tellus nisi eu orci. Mauris lacinia sapien quis libero."
69,85,2.4,Curabitur gravida nisi at nibh. In hac habitasse platea dictumst.
91,145,1.5,Phasellus sit amet erat.
106,101,4.7,Quisque id justo sit amet sapien dignissim vestibulum.
41,126,4.0,Proin at turpis a pede posuere nonummy.
139,119,2.8,Duis consequat dui nec nisi volutpat eleifend. Donec ut dolor.
141,6,3.4,Morbi porttitor lorem id ligula.
86,182,4.1,"Cum sociis natoque penatibus et magnis dis parturient montes, nascetur ridiculus mus. Etiam vel augue. Vestibulum rutrum rutrum neque."
127,154,2.5,Aliquam erat volutpat. In congue.
144,111,1.0,Aenean auctor gravida sem. Praesent id massa id nisl venenatis lacinia. Aenean sit amet justo.
113,163,3.2,"Morbi porttitor lorem id ligula. Suspendisse ornare consequat lectus. In est risus, auctor sed, tristique in, tempus sit amet, sem."
141,58,4.8,Vestibulum rutrum rutrum neque. Aenean auctor gravida sem. Praesent id massa id nisl venenatis lacinia.
157,145,3.4,"Nam ultrices, libero non mattis pulvinar, nulla pede ullamcorper augue, a suscipit nulla elit ac nulla. Sed vel enim sit amet nunc viverra dapibus."
146,116,4.8,"Vivamus metus arcu, adipiscing molestie, hendrerit at, vulputate vitae, nisl. Aenean lectus. Pellentesque eget nunc."
156,81,1.6,Nullam molestie nibh in lectus.
121,30,1.8,"Maecenas tristique, est et tempus semper, est quam pharetra magna, ac consequat metus sapien ut nunc. Vestibulum ante ipsum primis in faucibus orci luctus et ultrices posuere cubilia Curae; Mauris viverra diam vitae quam. Suspendisse potenti."
61,41,3.6,Maecenas pulvinar lobortis est. Phasellus sit amet erat.
13,170,3.1,"Donec semper sapien a libero. Nam dui. Proin leo odio, porttitor id, consequat in, consequat ut, nulla."
84,27,4.2,Morbi a ipsum.
49,159,2.7,In blandit ultrices enim.
133,16,1.0,Curabitur at ipsum ac tellus semper interdum.
157,25,1.8,"Vivamus vestibulum sagittis sapien. Cum sociis natoque penatibus et magnis dis parturient montes, nascetur ridiculus mus."
114,165,4.2,In quis justo.
53,115,2.3,"Lorem ipsum dolor sit amet, consectetuer adipiscing elit. Proin risus. Praesent lectus."
41,147,3.0,Pellentesque ultrices mattis odio. Donec vitae nisi.
12,47,2.5,Integer a nibh. In quis justo. Maecenas rhoncus aliquam lacus.
7,145,2.6,"Maecenas leo odio, condimentum id, luctus nec, molestie sed, justo. Pellentesque viverra pede ac diam. Cras pellentesque volutpat dui."
85,26,3.8,"Morbi odio odio, elementum eu, interdum eu, tincidunt in, leo. Maecenas pulvinar lobortis est. Phasellus sit amet erat."
107,103,3.2,"Fusce posuere felis sed lacus. Morbi sem mauris, laoreet ut, rhoncus aliquet, pulvinar sed, nisl."
88,57,1.9,Vivamus in felis eu sapien cursus vestibulum.
6,75,2.7,Aliquam erat volutpat. In congue. Etiam justo.
135,54,4.3,"Curabitur gravida nisi at nibh. In hac habitasse platea dictumst. Aliquam augue quam, sollicitudin vitae, consectetuer eget, rutrum at, lorem."
128,85,4.6,"Morbi odio odio, elementum eu, interdum eu, tincidunt in, leo. Maecenas pulvinar lobortis est. Phasellus sit amet erat."
153,63,3.3,"In est risus, auctor sed, tristique in, tempus sit amet, sem. Fusce consequat."
103,126,2.6,"Donec vitae nisi. Nam ultrices, libero non mattis pulvinar, nulla pede ullamcorper augue, a suscipit nulla elit ac nulla. Sed vel enim sit amet nunc viverra dapibus."
162,116,2.5,Integer tincidunt ante vel ipsum.
44,199,3.5,Aliquam quis turpis eget elit sodales scelerisque.
64,31,3.9,Quisque ut erat. Curabitur gravida nisi at nibh.
171,9,2.3,"Nam nulla. Integer pede justo, lacinia eget, tincidunt eget, tempus vel, pede. Morbi porttitor lorem id ligula."
118,182,1.8,Nullam molestie nibh in lectus. Pellentesque at nulla. Suspendisse potenti.
35,42,1.4,"Cras pellentesque volutpat dui. Maecenas tristique, est et tempus semper, est quam pharetra magna, ac consequat metus sapien ut nunc. Vestibulum ante ipsum primis in faucibus orci luctus et ultrices posuere cubilia Curae; Mauris viverra diam vitae quam."
71,188,2.7,"Nunc nisl. Duis bibendum, felis sed interdum venenatis, turpis enim blandit mi, in porttitor pede justo eu massa."
65,11,2.4,Duis consequat dui nec nisi volutpat eleifend.
55,97,4.3,Praesent blandit lacinia erat. Vestibulum sed magna at nunc commodo placerat. Praesent blandit.
114,35,3.3,Aenean fermentum.
69,186,3.0,Aliquam non mauris. Morbi non lectus.
74,143,4.9,Quisque id justo sit amet sapien dignissim vestibulum.
88,98,1.0,Nulla tellus. In sagittis dui vel nisl.
96,34,4.7,"Suspendisse ornare consequat lectus. In est risus, auctor sed, tristique in, tempus sit amet, sem. Fusce consequat."
49,120,3.4,Proin at turpis a pede posuere nonummy. Integer non velit.
146,121,2.4,"Morbi vestibulum, velit id pretium iaculis, diam erat fermentum justo, nec condimentum neque sapien placerat ante. Nulla justo."
57,184,3.6,"Nam congue, risus semper porta volutpat, quam pede lobortis ligula, sit amet eleifend pede libero quis orci. Nullam molestie nibh in lectus. Pellentesque at nulla."
92,200,4.5,Aliquam non mauris.
63,30,2.1,Donec quis orci eget orci vehicula condimentum.
81,114,1.9,Donec ut mauris eget massa tempor convallis.
17,71,5.0,Etiam pretium iaculis justo. In hac habitasse platea dictumst.
51,85,3.4,Nunc rhoncus dui vel sem.
10,83,2.6,"Cum sociis natoque penatibus et magnis dis parturient montes, nascetur ridiculus mus. Etiam vel augue."
81,133,3.8,Morbi non lectus.
71,177,2.3,Mauris lacinia sapien quis libero. Nullam sit amet turpis elementum ligula vehicula consequat. Morbi a ipsum.
38,177,2.4,"Donec diam neque, vestibulum eget, vulputate ut, ultrices vel, augue. Vestibulum ante ipsum primis in faucibus orci luctus et ultrices posuere cubilia Curae; Donec pharetra, magna vestibulum aliquet ultrices, erat tortor sollicitudin mi, sit amet lobortis sapien sapien non mi."
126,197,1.9,Nunc nisl.
97,37,4.3,Etiam pretium iaculis justo.
53,48,3.2,"Vestibulum ante ipsum primis in faucibus orci luctus et ultrices posuere cubilia Curae; Donec pharetra, magna vestibulum aliquet ultrices, erat tortor sollicitudin mi, sit amet lobortis sapien sapien non mi. Integer ac neque. Duis bibendum."
143,50,1.2,Duis aliquam convallis nunc. Proin at turpis a pede posuere nonummy.
159,68,4.2,"Vestibulum ac est lacinia nisi venenatis tristique. Fusce congue, diam id ornare imperdiet, sapien urna pretium nisl, ut volutpat sapien arcu sed augue."
171,174,3.9,Curabitur convallis. Duis consequat dui nec nisi volutpat eleifend.
153,132,2.5,Praesent id massa id nisl venenatis lacinia. Aenean sit amet justo. Morbi ut odio.
59,158,2.3,Etiam justo.
117,141,1.8,"Duis bibendum, felis sed interdum venenatis, turpis enim blandit mi, in porttitor pede justo eu massa. Donec dapibus. Duis at velit eu est congue elementum."
113,120,2.5,In hac habitasse platea dictumst.
109,83,4.5,Nullam molestie nibh in lectus.
167,179,1.5,"Nam nulla. Integer pede justo, lacinia eget, tincidunt eget, tempus vel, pede. Morbi porttitor lorem id ligula."
5,64,4.0,Quisque ut erat.
37,170,1.6,Morbi non quam nec dui luctus rutrum. Nulla tellus.
88,62,3.2,"Mauris ullamcorper purus sit amet nulla. Quisque arcu libero, rutrum ac, lobortis vel, dapibus at, diam. Nam tristique tortor eu pede."
46,134,2.7,Donec quis orci eget orci vehicula condimentum. Curabitur in libero ut massa volutpat convallis.
3,81,3.7,Phasellus sit amet erat.
156,99,1.1,Morbi vel lectus in quam fringilla rhoncus.
49,1,2.0,"In hac habitasse platea dictumst. Morbi vestibulum, velit id pretium iaculis, diam erat fermentum justo, nec condimentum neque sapien placerat ante."
132,68,4.5,Proin eu mi.
124,200,2.5,Pellentesque ultrices mattis odio. Donec vitae nisi.
96,78,4.7,"Lorem ipsum dolor sit amet, consectetuer adipiscing elit. Proin risus. Praesent lectus."
52,17,3.2,Aliquam quis turpis eget elit sodales scelerisque. Mauris sit amet eros.
109,191,2.3,Praesent blandit lacinia erat.
121,29,4.1,"Integer pede justo, lacinia eget, tincidunt eget, tempus vel, pede. Morbi porttitor lorem id ligula."
144,142,3.8,Etiam faucibus cursus urna.
166,148,1.6,"Fusce lacus purus, aliquet at, feugiat non, pretium quis, lectus. Suspendisse potenti. In eleifend quam a odio."
109,50,4.7,"Donec diam neque, vestibulum eget, vulputate ut, ultrices vel, augue. Vestibulum ante ipsum primis in faucibus orci luctus et ultrices posuere cubilia Curae; Donec pharetra, magna vestibulum aliquet ultrices, erat tortor sollicitudin mi, sit amet lobortis sapien sapien non mi."
37,150,2.6,Praesent id massa id nisl venenatis lacinia.
112,192,2.0,"Nam dui. Proin leo odio, porttitor id, consequat in, consequat ut, nulla."
9,134,1.4,Donec dapibus.
168,149,4.4,Nulla tempus.
118,22,1.3,"Maecenas leo odio, condimentum id, luctus nec, molestie sed, justo. Pellentesque viverra pede ac diam. Cras pellentesque volutpat dui."
102,177,4.9,Morbi quis tortor id nulla ultrices aliquet.
90,80,1.4,Nulla justo. Aliquam quis turpis eget elit sodales scelerisque. Mauris sit amet eros.
37,157,4.2,In sagittis dui vel nisl. Duis ac nibh.
115,14,1.9,"Aliquam augue quam, sollicitudin vitae, consectetuer eget, rutrum at, lorem. Integer tincidunt ante vel ipsum. Praesent blandit lacinia erat."
36,39,4.4,"Nunc nisl. Duis bibendum, felis sed interdum venenatis, turpis enim blandit mi, in porttitor pede justo eu massa. Donec dapibus."
55,100,2.3,"In blandit ultrices enim. Lorem ipsum dolor sit amet, consectetuer adipiscing elit."
164,180,1.8,"Quisque erat eros, viverra eget, congue eget, semper rutrum, nulla. Nunc purus. Phasellus in felis."
157,81,3.8,"In blandit ultrices enim. Lorem ipsum dolor sit amet, consectetuer adipiscing elit. Proin interdum mauris non ligula pellentesque ultrices."
118,102,2.4,Vestibulum ante ipsum primis in faucibus orci luctus et ultrices posuere cubilia Curae; Mauris viverra diam vitae quam. Suspendisse potenti.
136,53,4.8,Maecenas rhoncus aliquam lacus. Morbi quis tortor id nulla ultrices aliquet.
22,185,1.8,"Pellentesque viverra pede ac diam. Cras pellentesque volutpat dui. Maecenas tristique, est et tempus semper, est quam pharetra magna, ac consequat metus sapien ut nunc."
9,146,1.5,Duis ac nibh.
102,168,1.6,Etiam vel augue. Vestibulum rutrum rutrum neque.
47,33,3.9,Vivamus tortor.
30,74,2.4,Fusce consequat. Nulla nisl.
5,120,2.0,Praesent blandit lacinia erat. Vestibulum sed magna at nunc commodo placerat.
8,176,2.0,"Morbi quis tortor id nulla ultrices aliquet. Maecenas leo odio, condimentum id, luctus nec, molestie sed, justo. Pellentesque viverra pede ac diam."
159,57,4.3,"Nam ultrices, libero non mattis pulvinar, nulla pede ullamcorper augue, a suscipit nulla elit ac nulla. Sed vel enim sit amet nunc viverra dapibus."
68,158,2.4,Ut at dolor quis odio consequat varius. Integer ac leo.
93,37,4.7,Morbi a ipsum. Integer a nibh. In quis justo.
139,141,3.0,"Integer non velit. Donec diam neque, vestibulum eget, vulputate ut, ultrices vel, augue. Vestibulum ante ipsum primis in faucibus orci luctus et ultrices posuere cubilia Curae; Donec pharetra, magna vestibulum aliquet ultrices, erat tortor sollicitudin mi, sit amet lobortis sapien sapien non mi."
42,138,2.6,Curabitur in libero ut massa volutpat convallis.
89,121,3.5,Suspendisse potenti. In eleifend quam a odio. In hac habitasse platea dictumst.
30,164,3.6,"Vestibulum quam sapien, varius ut, blandit non, interdum in, ante."
114,156,3.4,"Maecenas tristique, est et tempus semper, est quam pharetra magna, ac consequat metus sapien ut nunc. Vestibulum ante ipsum primis in faucibus orci luctus et ultrices posuere cubilia Curae; Mauris viverra diam vitae quam."
127,91,1.6,Maecenas ut massa quis augue luctus tincidunt. Nulla mollis molestie lorem.
59,10,2.9,"Morbi odio odio, elementum eu, interdum eu, tincidunt in, leo. Maecenas pulvinar lobortis est."
41,34,3.6,In sagittis dui vel nisl. Duis ac nibh.
134,166,3.4,"Donec diam neque, vestibulum eget, vulputate ut, ultrices vel, augue. Vestibulum ante ipsum primis in faucibus orci luctus et ultrices posuere cubilia Curae; Donec pharetra, magna vestibulum aliquet ultrices, erat tortor sollicitudin mi, sit amet lobortis sapien sapien non mi. Integer ac neque."
136,120,1.7,"Morbi odio odio, elementum eu, interdum eu, tincidunt in, leo."
137,96,1.9,Praesent blandit lacinia erat.
15,7,2.2,Nullam sit amet turpis elementum ligula vehicula consequat.
124,116,1.9,Phasellus in felis. Donec semper sapien a libero. Nam dui.
69,133,2.9,Morbi porttitor lorem id ligula.
28,195,2.8,Nullam sit amet turpis elementum ligula vehicula consequat. Morbi a ipsum. Integer a nibh.
79,42,4.9,Morbi a ipsum. Integer a nibh. In quis justo.
37,11,4.6,Nullam sit amet turpis elementum ligula vehicula consequat.
108,149,2.8,Proin eu mi. Nulla ac enim.
11,200,4.3,"Nam nulla. Integer pede justo, lacinia eget, tincidunt eget, tempus vel, pede."
122,126,4.0,Etiam pretium iaculis justo. In hac habitasse platea dictumst. Etiam faucibus cursus urna.
169,67,4.9,Curabitur convallis. Duis consequat dui nec nisi volutpat eleifend.
56,114,3.0,Aliquam non mauris. Morbi non lectus. Aliquam sit amet diam in magna bibendum imperdiet.
47,63,3.1,Duis at velit eu est congue elementum.
121,57,3.9,"Maecenas rhoncus aliquam lacus. Morbi quis tortor id nulla ultrices aliquet. Maecenas leo odio, condimentum id, luctus nec, molestie sed, justo."
55,171,3.9,"Proin leo odio, porttitor id, consequat in, consequat ut, nulla."
26,70,3.0,Pellentesque ultrices mattis odio.
118,93,1.1,Donec dapibus. Duis at velit eu est congue elementum.
86,65,1.9,Vestibulum ante ipsum primis in faucibus orci luctus et ultrices posuere cubilia Curae; Nulla dapibus dolor vel est.
74,30,4.6,"In tempor, turpis nec euismod scelerisque, quam turpis adipiscing lorem, vitae mattis nibh ligula nec sem."
153,113,4.3,Curabitur at ipsum ac tellus semper interdum. Mauris ullamcorper purus sit amet nulla.
173,20,2.8,"Duis bibendum, felis sed interdum venenatis, turpis enim blandit mi, in porttitor pede justo eu massa. Donec dapibus."
164,4,1.5,"Integer aliquet, massa id lobortis convallis, tortor risus dapibus augue, vel accumsan tellus nisi eu orci. Mauris lacinia sapien quis libero. Nullam sit amet turpis elementum ligula vehicula consequat."
35,88,3.0,Nunc rhoncus dui vel sem.
13,94,4.0,"In hac habitasse platea dictumst. Aliquam augue quam, sollicitudin vitae, consectetuer eget, rutrum at, lorem. Integer tincidunt ante vel ipsum."
60,71,1.8,"Mauris enim leo, rhoncus sed, vestibulum sit amet, cursus id, turpis. Integer aliquet, massa id lobortis convallis, tortor risus dapibus augue, vel accumsan tellus nisi eu orci."
65,168,2.9,Cras pellentesque volutpat dui.
142,148,5.0,In hac habitasse platea dictumst.
58,197,5.0,"Morbi odio odio, elementum eu, interdum eu, tincidunt in, leo."
30,117,1.6,Duis at velit eu est congue elementum.
82,60,3.6,Etiam vel augue. Vestibulum rutrum rutrum neque.
50,44,2.5,"Aliquam sit amet diam in magna bibendum imperdiet. Nullam orci pede, venenatis non, sodales sed, tincidunt eu, felis. Fusce posuere felis sed lacus."
170,110,4.1,"Nam congue, risus semper porta volutpat, quam pede lobortis ligula, sit amet eleifend pede libero quis orci. Nullam molestie nibh in lectus."
12,123,2.0,Nam nulla.
135,15,1.8,"In tempor, turpis nec euismod scelerisque, quam turpis adipiscing lorem, vitae mattis nibh ligula nec sem. Duis aliquam convallis nunc. Proin at turpis a pede posuere nonummy."
61,163,4.1,Curabitur convallis.
92,151,3.0,Nulla tellus.
27,87,2.0,Morbi a ipsum.
107,119,3.1,"Vivamus metus arcu, adipiscing molestie, hendrerit at, vulputate vitae, nisl. Aenean lectus."
80,80,4.8,Morbi a ipsum. Integer a nibh.
159,184,1.7,Maecenas rhoncus aliquam lacus. Morbi quis tortor id nulla ultrices aliquet.
156,3,1.0,Vivamus tortor. Duis mattis egestas metus. Aenean fermentum.
90,64,4.0,"Mauris enim leo, rhoncus sed, vestibulum sit amet, cursus id, turpis."
27,31,3.7,"In blandit ultrices enim. Lorem ipsum dolor sit amet, consectetuer adipiscing elit. Proin interdum mauris non ligula pellentesque ultrices."
149,35,3.6,Vestibulum rutrum rutrum neque. Aenean auctor gravida sem.
74,92,2.9,"Aliquam augue quam, sollicitudin vitae, consectetuer eget, rutrum at, lorem. Integer tincidunt ante vel ipsum."
104,130,2.8,In quis justo. Maecenas rhoncus aliquam lacus. Morbi quis tortor id nulla ultrices aliquet.
6,141,4.9,Integer tincidunt ante vel ipsum. Praesent blandit lacinia erat. Vestibulum sed magna at nunc commodo placerat.
144,141,4.1,Nullam varius. Nulla facilisi. Cras non velit nec nisi vulputate nonummy.
17,152,3.0,"Nulla neque libero, convallis eget, eleifend luctus, ultricies eu, nibh. Quisque id justo sit amet sapien dignissim vestibulum. Vestibulum ante ipsum primis in faucibus orci luctus et ultrices posuere cubilia Curae; Nulla dapibus dolor vel est."
63,74,3.6,"Fusce lacus purus, aliquet at, feugiat non, pretium quis, lectus."
100,147,5.0,"Vestibulum ante ipsum primis in faucibus orci luctus et ultrices posuere cubilia Curae; Donec pharetra, magna vestibulum aliquet ultrices, erat tortor sollicitudin mi, sit amet lobortis sapien sapien non mi. Integer ac neque. Duis bibendum."
77,114,2.9,Suspendisse accumsan tortor quis turpis. Sed ante. Vivamus tortor.
157,36,2.8,Aliquam quis turpis eget elit sodales scelerisque. Mauris sit amet eros.
29,12,4.3,Integer ac leo. Pellentesque ultrices mattis odio. Donec vitae nisi.
87,103,1.6,Mauris sit amet eros. Suspendisse accumsan tortor quis turpis. Sed ante.
114,43,1.0,Praesent id massa id nisl venenatis lacinia. Aenean sit amet justo. Morbi ut odio.
19,94,3.4,Pellentesque eget nunc. Donec quis orci eget orci vehicula condimentum. Curabitur in libero ut massa volutpat convallis.
47,136,4.3,Nulla facilisi. Cras non velit nec nisi vulputate nonummy.
124,109,1.9,Aenean lectus. Pellentesque eget nunc. Donec quis orci eget orci vehicula condimentum.
82,5,1.2,"Vivamus metus arcu, adipiscing molestie, hendrerit at, vulputate vitae, nisl."
88,191,1.4,Aliquam erat volutpat. In congue. Etiam justo.
8,26,4.4,Maecenas rhoncus aliquam lacus. Morbi quis tortor id nulla ultrices aliquet.
72,66,1.8,Mauris lacinia sapien quis libero. Nullam sit amet turpis elementum ligula vehicula consequat.
54,70,2.8,In hac habitasse platea dictumst.
135,17,3.0,Aliquam non mauris. Morbi non lectus. Aliquam sit amet diam in magna bibendum imperdiet.
131,23,2.3,Cras non velit nec nisi vulputate nonummy.
92,166,1.6,Aliquam non mauris. Morbi non lectus.
159,110,2.0,Aliquam erat volutpat. In congue.
112,156,1.7,Nulla mollis molestie lorem. Quisque ut erat. Curabitur gravida nisi at nibh.
114,18,1.2,Pellentesque viverra pede ac diam. Cras pellentesque volutpat dui.
59,164,3.3,"Mauris enim leo, rhoncus sed, vestibulum sit amet, cursus id, turpis."
121,136,3.1,Duis mattis egestas metus. Aenean fermentum.
153,7,4.4,Duis bibendum.
161,4,4.3,Suspendisse accumsan tortor quis turpis. Sed ante. Vivamus tortor.
137,25,2.5,"Maecenas leo odio, condimentum id, luctus nec, molestie sed, justo. Pellentesque viverra pede ac diam."
78,125,4.9,Integer tincidunt ante vel ipsum. Praesent blandit lacinia erat.
15,145,1.2,"Fusce congue, diam id ornare imperdiet, sapien urna pretium nisl, ut volutpat sapien arcu sed augue. Aliquam erat volutpat."
52,188,1.2,Maecenas pulvinar lobortis est. Phasellus sit amet erat. Nulla tempus.
35,61,3.3,Nunc rhoncus dui vel sem. Sed sagittis.
44,16,2.3,Suspendisse potenti. Cras in purus eu magna vulputate luctus.
41,96,3.4,"Cras in purus eu magna vulputate luctus. Cum sociis natoque penatibus et magnis dis parturient montes, nascetur ridiculus mus."
22,168,3.6,"Nam congue, risus semper porta volutpat, quam pede lobortis ligula, sit amet eleifend pede libero quis orci. Nullam molestie nibh in lectus. Pellentesque at nulla."
128,42,3.8,"Nam congue, risus semper porta volutpat, quam pede lobortis ligula, sit amet eleifend pede libero quis orci."
3,52,2.5,"Proin leo odio, porttitor id, consequat in, consequat ut, nulla. Sed accumsan felis."
72,51,2.0,Etiam faucibus cursus urna. Ut tellus. Nulla ut erat id mauris vulputate elementum.
145,110,4.4,"Praesent lectus. Vestibulum quam sapien, varius ut, blandit non, interdum in, ante. Vestibulum ante ipsum primis in faucibus orci luctus et ultrices posuere cubilia Curae; Duis faucibus accumsan odio."
94,160,3.0,"Fusce posuere felis sed lacus. Morbi sem mauris, laoreet ut, rhoncus aliquet, pulvinar sed, nisl."
88,82,4.7,"Fusce lacus purus, aliquet at, feugiat non, pretium quis, lectus. Suspendisse potenti."
77,180,1.2,"Morbi quis tortor id nulla ultrices aliquet. Maecenas leo odio, condimentum id, luctus nec, molestie sed, justo. Pellentesque viverra pede ac diam."
20,73,1.2,Aliquam non mauris. Morbi non lectus.
163,136,3.2,Nunc purus.
16,62,2.7,"Nam ultrices, libero non mattis pulvinar, nulla pede ullamcorper augue, a suscipit nulla elit ac nulla."
146,118,4.5,Donec dapibus.
87,119,1.8,In hac habitasse platea dictumst.
84,75,2.2,Sed ante. Vivamus tortor. Duis mattis egestas metus.
29,173,3.4,"Phasellus id sapien in sapien iaculis congue. Vivamus metus arcu, adipiscing molestie, hendrerit at, vulputate vitae, nisl. Aenean lectus."
53,90,2.1,Cras non velit nec nisi vulputate nonummy. Maecenas tincidunt lacus at velit. Vivamus vel nulla eget eros elementum pellentesque.
132,126,3.6,In eleifend quam a odio. In hac habitasse platea dictumst.
10,183,2.5,"Nam ultrices, libero non mattis pulvinar, nulla pede ullamcorper augue, a suscipit nulla elit ac nulla."
134,95,2.9,"Donec vitae nisi. Nam ultrices, libero non mattis pulvinar, nulla pede ullamcorper augue, a suscipit nulla elit ac nulla."
25,122,2.4,Integer ac neque.
2,185,5.0,"Mauris enim leo, rhoncus sed, vestibulum sit amet, cursus id, turpis. Integer aliquet, massa id lobortis convallis, tortor risus dapibus augue, vel accumsan tellus nisi eu orci. Mauris lacinia sapien quis libero."
99,98,3.0,Quisque ut erat.
97,38,2.0,"Proin at turpis a pede posuere nonummy. Integer non velit. Donec diam neque, vestibulum eget, vulputate ut, ultrices vel, augue."
51,152,3.4,Praesent id massa id nisl venenatis lacinia. Aenean sit amet justo. Morbi ut odio.
119,170,1.7,In congue. Etiam justo. Etiam pretium iaculis justo.
4,165,3.2,"Duis bibendum, felis sed interdum venenatis, turpis enim blandit mi, in porttitor pede justo eu massa. Donec dapibus. Duis at velit eu est congue elementum."
16,3,1.8,"Morbi vestibulum, velit id pretium iaculis, diam erat fermentum justo, nec condimentum neque sapien placerat ante. Nulla justo. Aliquam quis turpis eget elit sodales scelerisque."
172,100,2.3,"Lorem ipsum dolor sit amet, consectetuer adipiscing elit."
80,114,3.1,Suspendisse potenti.
42,122,1.7,"Morbi odio odio, elementum eu, interdum eu, tincidunt in, leo. Maecenas pulvinar lobortis est."
14,158,3.0,Proin eu mi. Nulla ac enim.
173,14,1.3,"Nunc nisl. Duis bibendum, felis sed interdum venenatis, turpis enim blandit mi, in porttitor pede justo eu massa."
59,30,3.6,Quisque id justo sit amet sapien dignissim vestibulum.
33,98,1.3,Proin eu mi.
132,145,1.5,"Mauris enim leo, rhoncus sed, vestibulum sit amet, cursus id, turpis. Integer aliquet, massa id lobortis convallis, tortor risus dapibus augue, vel accumsan tellus nisi eu orci."
74,88,1.5,Aliquam non mauris.
20,61,4.5,"Aliquam sit amet diam in magna bibendum imperdiet. Nullam orci pede, venenatis non, sodales sed, tincidunt eu, felis. Fusce posuere felis sed lacus."
53,60,4.6,Maecenas tincidunt lacus at velit. Vivamus vel nulla eget eros elementum pellentesque. Quisque porta volutpat erat.
94,132,2.7,"Quisque porta volutpat erat. Quisque erat eros, viverra eget, congue eget, semper rutrum, nulla."
80,21,2.8,"Donec vitae nisi. Nam ultrices, libero non mattis pulvinar, nulla pede ullamcorper augue, a suscipit nulla elit ac nulla."
10,34,4.2,Integer ac leo. Pellentesque ultrices mattis odio. Donec vitae nisi.
7,68,2.6,"Pellentesque ultrices mattis odio. Donec vitae nisi. Nam ultrices, libero non mattis pulvinar, nulla pede ullamcorper augue, a suscipit nulla elit ac nulla."
6,69,3.5,Morbi non lectus.
50,192,4.4,Pellentesque viverra pede ac diam.
132,169,2.4,"Cras in purus eu magna vulputate luctus. Cum sociis natoque penatibus et magnis dis parturient montes, nascetur ridiculus mus."
55,91,3.0,Integer a nibh. In quis justo.
98,134,1.8,Morbi ut odio.
61,15,1.6,Proin interdum mauris non ligula pellentesque ultrices.
100,114,4.6,Fusce consequat.
136,2,4.7,Integer a nibh. In quis justo. Maecenas rhoncus aliquam lacus.
134,29,4.3,"Lorem ipsum dolor sit amet, consectetuer adipiscing elit. Proin risus."
88,174,3.4,Nulla mollis molestie lorem. Quisque ut erat. Curabitur gravida nisi at nibh.
151,39,1.2,Phasellus in felis. Donec semper sapien a libero. Nam dui.
9,61,3.4,Morbi non lectus. Aliquam sit amet diam in magna bibendum imperdiet.
108,7,4.8,Vivamus in felis eu sapien cursus vestibulum. Proin eu mi. Nulla ac enim.
162,166,4.9,Duis bibendum. Morbi non quam nec dui luctus rutrum. Nulla tellus.
43,157,4.7,"Integer non velit. Donec diam neque, vestibulum eget, vulputate ut, ultrices vel, augue."
150,195,3.4,"Nam ultrices, libero non mattis pulvinar, nulla pede ullamcorper augue, a suscipit nulla elit ac nulla. Sed vel enim sit amet nunc viverra dapibus."
93,127,4.9,"Lorem ipsum dolor sit amet, consectetuer adipiscing elit."
10,178,1.8,Duis at velit eu est congue elementum. In hac habitasse platea dictumst.
15,193,3.4,Nulla mollis molestie lorem.
52,122,1.1,Morbi a ipsum. Integer a nibh. In quis justo.
125,57,2.2,Duis bibendum.
137,167,1.6,Vestibulum sed magna at nunc commodo placerat. Praesent blandit. Nam nulla.
16,53,3.0,"Proin leo odio, porttitor id, consequat in, consequat ut, nulla. Sed accumsan felis."
170,183,2.5,"Donec odio justo, sollicitudin ut, suscipit a, feugiat et, eros. Vestibulum ac est lacinia nisi venenatis tristique."
155,70,2.7,"Quisque erat eros, viverra eget, congue eget, semper rutrum, nulla. Nunc purus. Phasellus in felis."
86,48,2.3,Nullam porttitor lacus at turpis.
146,99,2.6,Pellentesque viverra pede ac diam.
72,197,2.7,Morbi porttitor lorem id ligula. Suspendisse ornare consequat lectus.
142,25,3.6,Quisque ut erat.
92,43,4.9,"Cum sociis natoque penatibus et magnis dis parturient montes, nascetur ridiculus mus. Vivamus vestibulum sagittis sapien. Cum sociis natoque penatibus et magnis dis parturient montes, nascetur ridiculus mus."
48,143,2.6,"Aliquam sit amet diam in magna bibendum imperdiet. Nullam orci pede, venenatis non, sodales sed, tincidunt eu, felis."
106,7,3.8,"Nunc nisl. Duis bibendum, felis sed interdum venenatis, turpis enim blandit mi, in porttitor pede justo eu massa."
87,188,3.5,"Vestibulum ante ipsum primis in faucibus orci luctus et ultrices posuere cubilia Curae; Donec pharetra, magna vestibulum aliquet ultrices, erat tortor sollicitudin mi, sit amet lobortis sapien sapien non mi. Integer ac neque."
74,176,1.5,Etiam justo.
75,198,4.3,"Cum sociis natoque penatibus et magnis dis parturient montes, nascetur ridiculus mus."
61,142,2.5,In eleifend quam a odio. In hac habitasse platea dictumst. Maecenas ut massa quis augue luctus tincidunt.
93,139,3.2,Pellentesque eget nunc. Donec quis orci eget orci vehicula condimentum.
40,167,2.0,Mauris lacinia sapien quis libero.
159,99,2.8,"Lorem ipsum dolor sit amet, consectetuer adipiscing elit. Proin risus."
133,156,2.1,Duis mattis egestas metus. Aenean fermentum. Donec ut mauris eget massa tempor convallis.
93,194,1.7,"Sed sagittis. Nam congue, risus semper porta volutpat, quam pede lobortis ligula, sit amet eleifend pede libero quis orci."
140,73,4.5,"Morbi quis tortor id nulla ultrices aliquet. Maecenas leo odio, condimentum id, luctus nec, molestie sed, justo."
108,64,4.3,Fusce consequat. Nulla nisl. Nunc nisl.
28,191,2.2,Nulla nisl.
157,198,1.7,Praesent blandit.
38,150,2.9,Aenean lectus. Pellentesque eget nunc.
11,182,3.1,"Proin risus. Praesent lectus. Vestibulum quam sapien, varius ut, blandit non, interdum in, ante."
41,81,1.2,Integer a nibh. In quis justo.
141,125,2.1,"Morbi ut odio. Cras mi pede, malesuada in, imperdiet et, commodo vulputate, justo."
142,15,4.9,Nulla facilisi. Cras non velit nec nisi vulputate nonummy.
12,161,3.2,Maecenas ut massa quis augue luctus tincidunt.
118,120,2.1,"Quisque id justo sit amet sapien dignissim vestibulum. Vestibulum ante ipsum primis in faucibus orci luctus et ultrices posuere cubilia Curae; Nulla dapibus dolor vel est. Donec odio justo, sollicitudin ut, suscipit a, feugiat et, eros."
76,102,3.1,Praesent blandit lacinia erat. Vestibulum sed magna at nunc commodo placerat. Praesent blandit.
98,125,1.5,Mauris sit amet eros. Suspendisse accumsan tortor quis turpis.
136,26,4.7,"Morbi ut odio. Cras mi pede, malesuada in, imperdiet et, commodo vulputate, justo. In blandit ultrices enim."
153,141,4.0,Nullam varius.
105,22,2.3,"Phasellus id sapien in sapien iaculis congue. Vivamus metus arcu, adipiscing molestie, hendrerit at, vulputate vitae, nisl. Aenean lectus."
142,135,3.1,"Vestibulum ante ipsum primis in faucibus orci luctus et ultrices posuere cubilia Curae; Donec pharetra, magna vestibulum aliquet ultrices, erat tortor sollicitudin mi, sit amet lobortis sapien sapien non mi."
154,122,1.2,"Morbi vestibulum, velit id pretium iaculis, diam erat fermentum justo, nec condimentum neque sapien placerat ante."
84,62,4.5,"Lorem ipsum dolor sit amet, consectetuer adipiscing elit. Proin interdum mauris non ligula pellentesque ultrices."
95,158,1.5,"Cras mi pede, malesuada in, imperdiet et, commodo vulputate, justo."
145,60,3.5,"Cras pellentesque volutpat dui. Maecenas tristique, est et tempus semper, est quam pharetra magna, ac consequat metus sapien ut nunc. Vestibulum ante ipsum primis in faucibus orci luctus et ultrices posuere cubilia Curae; Mauris viverra diam vitae quam."
139,6,1.5,"Integer non velit. Donec diam neque, vestibulum eget, vulputate ut, ultrices vel, augue."
38,8,1.8,Nullam sit amet turpis elementum ligula vehicula consequat. Morbi a ipsum. Integer a nibh.
140,22,3.3,Suspendisse potenti.
152,38,4.9,"Mauris enim leo, rhoncus sed, vestibulum sit amet, cursus id, turpis. Integer aliquet, massa id lobortis convallis, tortor risus dapibus augue, vel accumsan tellus nisi eu orci. Mauris lacinia sapien quis libero."
32,11,2.4,Nulla ac enim.
62,181,4.4,Nullam porttitor lacus at turpis.
44,101,3.4,Nullam porttitor lacus at turpis.
20,48,4.2,Nullam molestie nibh in lectus. Pellentesque at nulla. Suspendisse potenti.
22,8,5.0,Vivamus tortor.
143,13,3.2,Morbi non lectus.
94,64,2.3,Vestibulum rutrum rutrum neque. Aenean auctor gravida sem. Praesent id massa id nisl venenatis lacinia.
42,112,4.7,Vivamus tortor. Duis mattis egestas metus. Aenean fermentum.
132,176,3.3,Praesent blandit lacinia erat. Vestibulum sed magna at nunc commodo placerat.
30,34,3.5,Duis bibendum. Morbi non quam nec dui luctus rutrum.
93,1,3.8,Integer ac leo.
37,114,3.6,Suspendisse potenti. Nullam porttitor lacus at turpis. Donec posuere metus vitae ipsum.
40,109,1.8,Nulla justo. Aliquam quis turpis eget elit sodales scelerisque. Mauris sit amet eros.
64,10,3.1,"Quisque erat eros, viverra eget, congue eget, semper rutrum, nulla. Nunc purus."
26,173,3.0,Aenean auctor gravida sem. Praesent id massa id nisl venenatis lacinia.
131,62,4.1,Praesent id massa id nisl venenatis lacinia. Aenean sit amet justo.
152,75,2.2,Etiam vel augue. Vestibulum rutrum rutrum neque. Aenean auctor gravida sem.
79,192,2.5,"Quisque arcu libero, rutrum ac, lobortis vel, dapibus at, diam. Nam tristique tortor eu pede."
137,11,2.2,"Duis ac nibh. Fusce lacus purus, aliquet at, feugiat non, pretium quis, lectus. Suspendisse potenti."
78,177,4.8,"Morbi vestibulum, velit id pretium iaculis, diam erat fermentum justo, nec condimentum neque sapien placerat ante."
84,59,2.1,"Suspendisse potenti. Cras in purus eu magna vulputate luctus. Cum sociis natoque penatibus et magnis dis parturient montes, nascetur ridiculus mus."
63,161,5.0,Vestibulum ante ipsum primis in faucibus orci luctus et ultrices posuere cubilia Curae; Mauris viverra diam vitae quam.
31,57,3.4,Aenean lectus. Pellentesque eget nunc.
76,65,2.2,Morbi vel lectus in quam fringilla rhoncus.
88,169,2.6,Aliquam erat volutpat.
117,172,1.7,Maecenas tincidunt lacus at velit. Vivamus vel nulla eget eros elementum pellentesque.
45,103,3.7,Nulla ac enim.
49,146,2.4,"Vestibulum ante ipsum primis in faucibus orci luctus et ultrices posuere cubilia Curae; Donec pharetra, magna vestibulum aliquet ultrices, erat tortor sollicitudin mi, sit amet lobortis sapien sapien non mi. Integer ac neque. Duis bibendum."
1,113,1.5,Vestibulum ante ipsum primis in faucibus orci luctus et ultrices posuere cubilia Curae; Duis faucibus accumsan odio. Curabitur convallis.
157,157,2.6,"Nunc rhoncus dui vel sem. Sed sagittis. Nam congue, risus semper porta volutpat, quam pede lobortis ligula, sit amet eleifend pede libero quis orci."
43,61,4.1,Suspendisse potenti.
38,101,1.7,Donec quis orci eget orci vehicula condimentum.
13,7,4.2,Pellentesque at nulla.
153,58,3.7,Nullam porttitor lacus at turpis. Donec posuere metus vitae ipsum. Aliquam non mauris.
125,33,2.6,Praesent blandit lacinia erat.
39,77,4.9,Praesent id massa id nisl venenatis lacinia. Aenean sit amet justo.
113,162,4.3,Proin interdum mauris non ligula pellentesque ultrices.
70,21,2.9,"Nunc rhoncus dui vel sem. Sed sagittis. Nam congue, risus semper porta volutpat, quam pede lobortis ligula, sit amet eleifend pede libero quis orci."
107,161,3.8,Nullam molestie nibh in lectus.
138,199,2.5,Praesent id massa id nisl venenatis lacinia. Aenean sit amet justo. Morbi ut odio.
23,147,1.1,Suspendisse potenti. In eleifend quam a odio. In hac habitasse platea dictumst.
151,179,3.2,"Aenean sit amet justo. Morbi ut odio. Cras mi pede, malesuada in, imperdiet et, commodo vulputate, justo."
112,167,4.9,Praesent blandit lacinia erat.
129,138,4.6,"Vivamus vestibulum sagittis sapien. Cum sociis natoque penatibus et magnis dis parturient montes, nascetur ridiculus mus."
39,124,3.6,"Vivamus metus arcu, adipiscing molestie, hendrerit at, vulputate vitae, nisl."
9,66,4.3,Morbi non lectus. Aliquam sit amet diam in magna bibendum imperdiet.
102,27,3.2,Cras in purus eu magna vulputate luctus.
73,153,3.5,"Maecenas leo odio, condimentum id, luctus nec, molestie sed, justo."
96,98,1.2,"Nam dui. Proin leo odio, porttitor id, consequat in, consequat ut, nulla."
150,178,3.0,Proin at turpis a pede posuere nonummy. Integer non velit.
136,54,4.8,"Donec ut mauris eget massa tempor convallis. Nulla neque libero, convallis eget, eleifend luctus, ultricies eu, nibh."
140,54,2.9,Maecenas ut massa quis augue luctus tincidunt. Nulla mollis molestie lorem.
12,199,2.1,"Duis ac nibh. Fusce lacus purus, aliquet at, feugiat non, pretium quis, lectus."
20,10,1.1,"Nulla nisl. Nunc nisl. Duis bibendum, felis sed interdum venenatis, turpis enim blandit mi, in porttitor pede justo eu massa."
151,171,1.2,Nulla facilisi. Cras non velit nec nisi vulputate nonummy.
134,132,3.3,Maecenas tincidunt lacus at velit. Vivamus vel nulla eget eros elementum pellentesque. Quisque porta volutpat erat.
168,169,5.0,Integer ac leo. Pellentesque ultrices mattis odio. Donec vitae nisi.
10,19,1.5,"Nam dui. Proin leo odio, porttitor id, consequat in, consequat ut, nulla."
121,63,1.7,"Maecenas rhoncus aliquam lacus. Morbi quis tortor id nulla ultrices aliquet. Maecenas leo odio, condimentum id, luctus nec, molestie sed, justo."
154,60,1.1,Nunc rhoncus dui vel sem.
134,114,3.4,"In est risus, auctor sed, tristique in, tempus sit amet, sem. Fusce consequat. Nulla nisl."
58,133,1.0,"Integer aliquet, massa id lobortis convallis, tortor risus dapibus augue, vel accumsan tellus nisi eu orci. Mauris lacinia sapien quis libero."
37,197,3.5,Nulla suscipit ligula in lacus. Curabitur at ipsum ac tellus semper interdum.
129,167,3.6,"Integer pede justo, lacinia eget, tincidunt eget, tempus vel, pede. Morbi porttitor lorem id ligula."
19,74,4.6,Sed vel enim sit amet nunc viverra dapibus. Nulla suscipit ligula in lacus. Curabitur at ipsum ac tellus semper interdum.
122,169,1.3,Integer ac neque. Duis bibendum.
113,159,3.3,In hac habitasse platea dictumst. Maecenas ut massa quis augue luctus tincidunt.
45,140,4.9,Aenean sit amet justo.
35,29,1.4,"Nam congue, risus semper porta volutpat, quam pede lobortis ligula, sit amet eleifend pede libero quis orci. Nullam molestie nibh in lectus."
9,115,1.5,Maecenas rhoncus aliquam lacus. Morbi quis tortor id nulla ultrices aliquet.
108,89,4.1,"Proin interdum mauris non ligula pellentesque ultrices. Phasellus id sapien in sapien iaculis congue. Vivamus metus arcu, adipiscing molestie, hendrerit at, vulputate vitae, nisl."
122,60,2.3,Maecenas tincidunt lacus at velit.
31,147,2.6,"Phasellus id sapien in sapien iaculis congue. Vivamus metus arcu, adipiscing molestie, hendrerit at, vulputate vitae, nisl. Aenean lectus."
137,194,3.3,Donec ut dolor. Morbi vel lectus in quam fringilla rhoncus.
44,180,1.8,In eleifend quam a odio. In hac habitasse platea dictumst.
134,48,3.4,Etiam justo.
8,179,2.6,"Suspendisse ornare consequat lectus. In est risus, auctor sed, tristique in, tempus sit amet, sem. Fusce consequat."
17,12,2.7,Nunc nisl.
16,121,4.3,"Donec vitae nisi. Nam ultrices, libero non mattis pulvinar, nulla pede ullamcorper augue, a suscipit nulla elit ac nulla. Sed vel enim sit amet nunc viverra dapibus."
161,79,2.5,Integer non velit.
17,72,2.7,Proin risus. Praesent lectus.
136,156,1.4,"Donec diam neque, vestibulum eget, vulputate ut, ultrices vel, augue. Vestibulum ante ipsum primis in faucibus orci luctus et ultrices posuere cubilia Curae; Donec pharetra, magna vestibulum aliquet ultrices, erat tortor sollicitudin mi, sit amet lobortis sapien sapien non mi. Integer ac neque."
65,89,2.6,"Morbi vel lectus in quam fringilla rhoncus. Mauris enim leo, rhoncus sed, vestibulum sit amet, cursus id, turpis."
50,66,2.0,Morbi quis tortor id nulla ultrices aliquet.
107,153,3.3,"In est risus, auctor sed, tristique in, tempus sit amet, sem."
164,15,1.9,Aliquam non mauris. Morbi non lectus. Aliquam sit amet diam in magna bibendum imperdiet.
92,32,4.4,Vivamus tortor.
102,109,3.3,"Mauris ullamcorper purus sit amet nulla. Quisque arcu libero, rutrum ac, lobortis vel, dapibus at, diam."
7,20,3.0,Duis aliquam convallis nunc. Proin at turpis a pede posuere nonummy.
139,195,4.8,"Nam ultrices, libero non mattis pulvinar, nulla pede ullamcorper augue, a suscipit nulla elit ac nulla. Sed vel enim sit amet nunc viverra dapibus. Nulla suscipit ligula in lacus."
142,59,2.2,"Quisque arcu libero, rutrum ac, lobortis vel, dapibus at, diam."
34,110,2.5,"Praesent lectus. Vestibulum quam sapien, varius ut, blandit non, interdum in, ante."
92,73,3.9,Aliquam erat volutpat.
9,144,1.4,Etiam faucibus cursus urna.
173,61,1.8,Curabitur convallis.
100,169,1.6,"Maecenas leo odio, condimentum id, luctus nec, molestie sed, justo. Pellentesque viverra pede ac diam."
129,199,4.7,Nam dui.
110,115,1.1,Fusce consequat.
152,117,2.8,Duis aliquam convallis nunc. Proin at turpis a pede posuere nonummy.
117,195,1.1,"Praesent blandit. Nam nulla. Integer pede justo, lacinia eget, tincidunt eget, tempus vel, pede."
17,146,3.2,Phasellus sit amet erat. Nulla tempus. Vivamus in felis eu sapien cursus vestibulum.
148,164,2.1,"Vestibulum ac est lacinia nisi venenatis tristique. Fusce congue, diam id ornare imperdiet, sapien urna pretium nisl, ut volutpat sapien arcu sed augue. Aliquam erat volutpat."
84,194,1.7,Curabitur gravida nisi at nibh. In hac habitasse platea dictumst.
110,27,1.0,"Duis ac nibh. Fusce lacus purus, aliquet at, feugiat non, pretium quis, lectus."
113,190,3.1,Morbi ut odio.
112,128,2.0,Cras non velit nec nisi vulputate nonummy.
74,102,3.2,Maecenas pulvinar lobortis est. Phasellus sit amet erat. Nulla tempus.
96,63,2.6,Nunc purus. Phasellus in felis. Donec semper sapien a libero.
145,159,4.8,Praesent blandit lacinia erat.
8,54,1.7,Sed ante. Vivamus tortor.
32,51,1.8,"Morbi odio odio, elementum eu, interdum eu, tincidunt in, leo. Maecenas pulvinar lobortis est. Phasellus sit amet erat."
85,134,1.8,Ut tellus. Nulla ut erat id mauris vulputate elementum.
56,99,4.3,"Morbi odio odio, elementum eu, interdum eu, tincidunt in, leo. Maecenas pulvinar lobortis est. Phasellus sit amet erat."
18,17,2.9,Fusce consequat. Nulla nisl. Nunc nisl.
46,13,1.6,Cras in purus eu magna vulputate luctus.
113,66,1.7,"Nam ultrices, libero non mattis pulvinar, nulla pede ullamcorper augue, a suscipit nulla elit ac nulla. Sed vel enim sit amet nunc viverra dapibus. Nulla suscipit ligula in lacus."
24,147,1.0,Etiam vel augue. Vestibulum rutrum rutrum neque.
74,70,4.1,Integer non velit.
156,32,4.2,"Donec odio justo, sollicitudin ut, suscipit a, feugiat et, eros. Vestibulum ac est lacinia nisi venenatis tristique. Fusce congue, diam id ornare imperdiet, sapien urna pretium nisl, ut volutpat sapien arcu sed augue."
163,90,1.1,Aenean sit amet justo. Morbi ut odio.
29,142,3.9,Morbi ut odio.
107,70,2.6,Vestibulum rutrum rutrum neque. Aenean auctor gravida sem.
71,65,1.3,Donec quis orci eget orci vehicula condimentum.
154,180,3.3,"Morbi porttitor lorem id ligula. Suspendisse ornare consequat lectus. In est risus, auctor sed, tristique in, tempus sit amet, sem."
48,96,4.7,Duis bibendum. Morbi non quam nec dui luctus rutrum.
54,27,2.4,"Maecenas tristique, est et tempus semper, est quam pharetra magna, ac consequat metus sapien ut nunc."
53,171,2.7,Duis ac nibh.
37,167,2.2,Maecenas rhoncus aliquam lacus.
112,56,5.0,"Quisque id justo sit amet sapien dignissim vestibulum. Vestibulum ante ipsum primis in faucibus orci luctus et ultrices posuere cubilia Curae; Nulla dapibus dolor vel est. Donec odio justo, sollicitudin ut, suscipit a, feugiat et, eros."
94,19,1.3,Curabitur at ipsum ac tellus semper interdum.
52,130,1.5,Mauris sit amet eros. Suspendisse accumsan tortor quis turpis.
113,90,3.6,"Lorem ipsum dolor sit amet, consectetuer adipiscing elit. Proin risus. Praesent lectus."
55,177,2.0,"Morbi porttitor lorem id ligula. Suspendisse ornare consequat lectus. In est risus, auctor sed, tristique in, tempus sit amet, sem."
138,151,1.1,Duis mattis egestas metus. Aenean fermentum. Donec ut mauris eget massa tempor convallis.
65,81,4.9,"Integer pede justo, lacinia eget, tincidunt eget, tempus vel, pede."
109,135,3.6,Maecenas ut massa quis augue luctus tincidunt.
43,199,2.8,In hac habitasse platea dictumst.
24,53,2.4,"Curabitur in libero ut massa volutpat convallis. Morbi odio odio, elementum eu, interdum eu, tincidunt in, leo. Maecenas pulvinar lobortis est."
48,191,1.2,"Duis bibendum, felis sed interdum venenatis, turpis enim blandit mi, in porttitor pede justo eu massa. Donec dapibus."
5,77,3.2,Nulla facilisi. Cras non velit nec nisi vulputate nonummy.
158,76,1.9,"Proin at turpis a pede posuere nonummy. Integer non velit. Donec diam neque, vestibulum eget, vulputate ut, ultrices vel, augue."
67,130,1.7,Integer a nibh.
129,142,2.9,"Lorem ipsum dolor sit amet, consectetuer adipiscing elit. Proin interdum mauris non ligula pellentesque ultrices."
27,153,2.3,"Nam congue, risus semper porta volutpat, quam pede lobortis ligula, sit amet eleifend pede libero quis orci. Nullam molestie nibh in lectus. Pellentesque at nulla."
150,40,2.4,Vestibulum ante ipsum primis in faucibus orci luctus et ultrices posuere cubilia Curae; Duis faucibus accumsan odio. Curabitur convallis.
54,155,1.2,In hac habitasse platea dictumst. Etiam faucibus cursus urna.
150,15,1.2,Aliquam non mauris.
35,2,3.2,"Pellentesque viverra pede ac diam. Cras pellentesque volutpat dui. Maecenas tristique, est et tempus semper, est quam pharetra magna, ac consequat metus sapien ut nunc."
62,107,1.8,Morbi vel lectus in quam fringilla rhoncus.
118,144,3.0,Aenean sit amet justo. Morbi ut odio.
34,68,4.5,Donec vitae nisi.
104,178,4.7,Phasellus sit amet erat. Nulla tempus.
156,41,3.1,In hac habitasse platea dictumst. Etiam faucibus cursus urna. Ut tellus.
155,39,4.1,Maecenas tincidunt lacus at velit. Vivamus vel nulla eget eros elementum pellentesque.
40,128,1.0,In hac habitasse platea dictumst.
71,86,2.0,In quis justo. Maecenas rhoncus aliquam lacus.
58,2,3.2,In congue. Etiam justo.
100,17,3.2,Etiam pretium iaculis justo. In hac habitasse platea dictumst.
32,104,2.8,Integer a nibh. In quis justo. Maecenas rhoncus aliquam lacus.
39,182,3.5,Pellentesque at nulla. Suspendisse potenti. Cras in purus eu magna vulputate luctus.
29,77,5.0,Maecenas pulvinar lobortis est. Phasellus sit amet erat. Nulla tempus.
80,160,4.3,Quisque ut erat. Curabitur gravida nisi at nibh.
63,107,2.3,Fusce consequat. Nulla nisl.
171,67,3.1,Ut at dolor quis odio consequat varius. Integer ac leo.
108,51,2.5,"Duis ac nibh. Fusce lacus purus, aliquet at, feugiat non, pretium quis, lectus."
97,46,3.5,"Donec semper sapien a libero. Nam dui. Proin leo odio, porttitor id, consequat in, consequat ut, nulla."
29,44,3.9,Praesent id massa id nisl venenatis lacinia. Aenean sit amet justo.
114,48,4.6,Maecenas rhoncus aliquam lacus.
119,116,4.4,Integer a nibh.
152,27,3.7,"Morbi quis tortor id nulla ultrices aliquet. Maecenas leo odio, condimentum id, luctus nec, molestie sed, justo. Pellentesque viverra pede ac diam."
119,94,4.2,Vestibulum ante ipsum primis in faucibus orci luctus et ultrices posuere cubilia Curae; Duis faucibus accumsan odio.
49,52,1.3,Vestibulum ante ipsum primis in faucibus orci luctus et ultrices posuere cubilia Curae; Duis faucibus accumsan odio.
32,186,2.0,"Maecenas leo odio, condimentum id, luctus nec, molestie sed, justo. Pellentesque viverra pede ac diam. Cras pellentesque volutpat dui."
168,148,4.4,"Aliquam augue quam, sollicitudin vitae, consectetuer eget, rutrum at, lorem. Integer tincidunt ante vel ipsum."
165,200,3.5,"Morbi vestibulum, velit id pretium iaculis, diam erat fermentum justo, nec condimentum neque sapien placerat ante."
38,191,4.7,"Nulla ac enim. In tempor, turpis nec euismod scelerisque, quam turpis adipiscing lorem, vitae mattis nibh ligula nec sem."
109,175,1.5,Nulla tellus. In sagittis dui vel nisl.
118,131,1.3,"Proin leo odio, porttitor id, consequat in, consequat ut, nulla. Sed accumsan felis."
91,163,2.9,"Integer aliquet, massa id lobortis convallis, tortor risus dapibus augue, vel accumsan tellus nisi eu orci. Mauris lacinia sapien quis libero."
137,16,2.7,Fusce consequat. Nulla nisl.
74,165,4.6,Suspendisse potenti. In eleifend quam a odio.
18,116,3.2,"Vivamus metus arcu, adipiscing molestie, hendrerit at, vulputate vitae, nisl. Aenean lectus. Pellentesque eget nunc."
51,137,3.9,Ut tellus.
39,111,2.1,Maecenas ut massa quis augue luctus tincidunt. Nulla mollis molestie lorem.
23,51,3.8,Mauris sit amet eros.
46,149,3.3,Etiam justo.
132,84,3.7,Integer ac leo. Pellentesque ultrices mattis odio. Donec vitae nisi.
87,69,2.6,"Duis ac nibh. Fusce lacus purus, aliquet at, feugiat non, pretium quis, lectus. Suspendisse potenti."
129,97,1.4,"Vestibulum ante ipsum primis in faucibus orci luctus et ultrices posuere cubilia Curae; Donec pharetra, magna vestibulum aliquet ultrices, erat tortor sollicitudin mi, sit amet lobortis sapien sapien non mi."
158,71,2.3,Pellentesque viverra pede ac diam. Cras pellentesque volutpat dui.
2,58,4.5,"Duis ac nibh. Fusce lacus purus, aliquet at, feugiat non, pretium quis, lectus."
147,74,4.1,Aenean auctor gravida sem. Praesent id massa id nisl venenatis lacinia.
112,197,1.4,"Maecenas leo odio, condimentum id, luctus nec, molestie sed, justo. Pellentesque viverra pede ac diam."
141,45,4.9,"Morbi sem mauris, laoreet ut, rhoncus aliquet, pulvinar sed, nisl."
136,30,1.9,"Nulla neque libero, convallis eget, eleifend luctus, ultricies eu, nibh. Quisque id justo sit amet sapien dignissim vestibulum."
35,14,4.6,"Aliquam augue quam, sollicitudin vitae, consectetuer eget, rutrum at, lorem."
55,170,4.7,"Maecenas leo odio, condimentum id, luctus nec, molestie sed, justo."
59,57,4.1,"Aliquam augue quam, sollicitudin vitae, consectetuer eget, rutrum at, lorem. Integer tincidunt ante vel ipsum. Praesent blandit lacinia erat."
89,111,3.4,"Nam dui. Proin leo odio, porttitor id, consequat in, consequat ut, nulla. Sed accumsan felis."
38,88,3.0,"Maecenas leo odio, condimentum id, luctus nec, molestie sed, justo. Pellentesque viverra pede ac diam. Cras pellentesque volutpat dui."
127,13,1.5,Sed ante. Vivamus tortor.
136,161,3.6,"Donec odio justo, sollicitudin ut, suscipit a, feugiat et, eros. Vestibulum ac est lacinia nisi venenatis tristique. Fusce congue, diam id ornare imperdiet, sapien urna pretium nisl, ut volutpat sapien arcu sed augue."
100,124,1.2,"Duis bibendum, felis sed interdum venenatis, turpis enim blandit mi, in porttitor pede justo eu massa. Donec dapibus."
83,184,2.9,Cras pellentesque volutpat dui.
160,62,3.9,"Fusce congue, diam id ornare imperdiet, sapien urna pretium nisl, ut volutpat sapien arcu sed augue."
54,177,2.4,"Cras mi pede, malesuada in, imperdiet et, commodo vulputate, justo."
84,159,4.8,Morbi non quam nec dui luctus rutrum. Nulla tellus.
159,153,1.4,"Vestibulum ante ipsum primis in faucibus orci luctus et ultrices posuere cubilia Curae; Donec pharetra, magna vestibulum aliquet ultrices, erat tortor sollicitudin mi, sit amet lobortis sapien sapien non mi. Integer ac neque. Duis bibendum."
158,40,1.8,Nulla justo. Aliquam quis turpis eget elit sodales scelerisque. Mauris sit amet eros.
86,192,1.7,"In est risus, auctor sed, tristique in, tempus sit amet, sem. Fusce consequat."
91,159,1.3,Donec posuere metus vitae ipsum. Aliquam non mauris.
97,17,4.4,"Nullam orci pede, venenatis non, sodales sed, tincidunt eu, felis. Fusce posuere felis sed lacus."
12,51,1.1,"Nullam orci pede, venenatis non, sodales sed, tincidunt eu, felis."
76,112,2.7,"Nam dui. Proin leo odio, porttitor id, consequat in, consequat ut, nulla. Sed accumsan felis."
76,59,3.2,"Cras pellentesque volutpat dui. Maecenas tristique, est et tempus semper, est quam pharetra magna, ac consequat metus sapien ut nunc. Vestibulum ante ipsum primis in faucibus orci luctus et ultrices posuere cubilia Curae; Mauris viverra diam vitae quam."
127,51,4.0,"Morbi ut odio. Cras mi pede, malesuada in, imperdiet et, commodo vulputate, justo. In blandit ultrices enim."
56,51,4.3,Morbi a ipsum. Integer a nibh. In quis justo.
25,176,3.0,Suspendisse potenti. In eleifend quam a odio. In hac habitasse platea dictumst.
28,86,1.5,"Cum sociis natoque penatibus et magnis dis parturient montes, nascetur ridiculus mus. Vivamus vestibulum sagittis sapien. Cum sociis natoque penatibus et magnis dis parturient montes, nascetur ridiculus mus."
89,170,4.5,Aenean auctor gravida sem.
48,71,3.9,Mauris sit amet eros. Suspendisse accumsan tortor quis turpis.
173,13,2.0,"Fusce congue, diam id ornare imperdiet, sapien urna pretium nisl, ut volutpat sapien arcu sed augue."
11,27,3.7,Pellentesque viverra pede ac diam. Cras pellentesque volutpat dui.
132,177,1.4,"Donec diam neque, vestibulum eget, vulputate ut, ultrices vel, augue."
79,64,4.0,Integer tincidunt ante vel ipsum. Praesent blandit lacinia erat. Vestibulum sed magna at nunc commodo placerat.
146,44,3.3,Aenean auctor gravida sem. Praesent id massa id nisl venenatis lacinia. Aenean sit amet justo.
26,114,3.6,Sed ante. Vivamus tortor.
106,169,3.0,Proin risus. Praesent lectus.
161,18,4.4,Phasellus sit amet erat.
84,56,4.1,Morbi a ipsum.
119,54,2.0,Sed vel enim sit amet nunc viverra dapibus. Nulla suscipit ligula in lacus.
115,35,4.2,"Praesent lectus. Vestibulum quam sapien, varius ut, blandit non, interdum in, ante."
60,170,1.2,Donec posuere metus vitae ipsum.
139,38,2.9,"Proin leo odio, porttitor id, consequat in, consequat ut, nulla. Sed accumsan felis."
60,63,3.8,"Nullam orci pede, venenatis non, sodales sed, tincidunt eu, felis. Fusce posuere felis sed lacus."
64,174,3.3,"Duis bibendum, felis sed interdum venenatis, turpis enim blandit mi, in porttitor pede justo eu massa."
138,107,1.0,Nulla suscipit ligula in lacus.
151,12,2.2,"Suspendisse potenti. Cras in purus eu magna vulputate luctus. Cum sociis natoque penatibus et magnis dis parturient montes, nascetur ridiculus mus."
59,59,2.9,Nulla justo. Aliquam quis turpis eget elit sodales scelerisque. Mauris sit amet eros.
8,14,3.9,Ut tellus. Nulla ut erat id mauris vulputate elementum. Nullam varius.
