email,password,nickname,phone,gender
krussell0@wisc.edu,i4thKz,cwhite0,1-(212)161-4746,1
ahughes1@vkontakte.ru,TN6gz8x,jcarpenter1,233-(810)184-1924,1
aadams2@tuttocitta.it,N4o4ERSvK1z8,bburns2,86-(259)635-0350,2
wmurphy3@mapy.cz,0qEsrOL,mjacobs3,1-(334)170-1318,2
emitchell4@lycos.com,kuBWBj,lstone4,86-(546)233-5513,2
lwatkins5@barnesandnoble.com,aDsfTiGtu,tperez5,86-(962)286-7629,2
jyoung6@cargocollective.com,whtihRILXM,htorres6,351-(858)281-0125,2
groberts7@mlb.com,s8qBnOpqXIu,rhansen7,62-(946)909-7821,2
rmartinez8@upenn.edu,o6VVCu,lhill8,63-(351)485-2134,1
dstevens9@goodreads.com,1ZrLgl2aba,rstanley9,7-(861)611-5287,2
jgrahama@canalblog.com,9rq2Jjq,snelsona,86-(231)314-3474,2
awallaceb@scientificamerican.com,Bhw4vBQLFBW,jfranklinb,86-(773)537-6325,2
pwellsc@vkontakte.ru,jLf656tv,roliverc,86-(261)929-2322,1
rwagnerd@lycos.com,ExvVavqlYbK,mjordand,55-(181)542-9122,1
ashawe@jigsy.com,6eQWMld,jrobertse,86-(856)844-1658,2
drayf@icio.us,xzGcKc8VBbD,hfullerf,62-(678)687-1299,1
ahenryg@hao123.com,zlkQZWINju,dmcdonaldg,33-(583)559-1245,2
mjacobsh@sohu.com,abxXA9Z2Pxq6,dmillerh,54-(179)230-2703,2
jhernandezi@ifeng.com,pyslWNpas,jduncani,62-(119)508-1668,2
gknightj@vimeo.com,TGSgFo,hbarnesj,86-(780)739-0842,2
phartk@myspace.com,d0QUMLOcNDbS,acrawfordk,43-(686)789-3723,1
aburkel@wikia.com,Tra7ZBCZ,sperkinsl,1-(510)221-2787,1
framirezm@epa.gov,Q9cBq8Pp,kjordanm,63-(170)683-9066,1
psmithn@unicef.org,UglSCJs7yJ6,abrooksn,52-(903)210-2602,1
kwilsono@tinyurl.com,eHoeBaV,hgarretto,54-(465)452-3975,1
cchavezp@auda.org.au,kYqnNq,dharrisp,62-(348)763-7857,2
kfordq@alexa.com,Yg3u4JTfDsYh,eduncanq,244-(408)239-9522,2
jandersonr@1und1.de,5bU4wQapT9I,jlewisr,86-(642)731-5614,1
mpierces@amazon.co.uk,534EaKCRgEBo,dwatsons,241-(536)160-3608,1
twrightt@domainmarket.com,D2CSiBtQ,nburtont,86-(396)226-7922,1
mjohnstonu@java.com,H7xlCXSsVAHc,acampbellu,62-(665)184-3038,1
rlopezv@google.ru,dmK0MN,kgonzalesv,81-(112)550-9025,2
wphillipsw@diigo.com,UazeWYBjmz,jmoorew,420-(371)653-7901,1
rpricex@mozilla.org,960amPxYdT,gortizx,380-(460)440-5670,2
kfraziery@wikia.com,IBOXvWcbi4,cjamesy,1-(518)134-7937,2
rperkinsz@istockphoto.com,z4hBtEnU3Un,lrossz,33-(617)487-7025,2
ejones10@bbb.org,zvobv1Y,dcollins10,62-(235)277-9194,2
akelly11@alexa.com,vfAQMVfprbb,kmorris11,86-(899)155-6603,1
swilliams12@multiply.com,xb7SIeafx,jcole12,54-(603)324-4914,1
dlee13@latimes.com,vk5wsUz,csims13,86-(804)842-7689,2
khawkins14@virginia.edu,L2PRZCpO62W6,kweaver14,84-(768)471-9681,2
tfields15@microsoft.com,fvzABIbRY,jweaver15,387-(127)261-3993,2
jmendoza16@webs.com,ewjV07RY,kfranklin16,86-(167)569-0714,1
ewilliams17@live.com,gnyqjk373,swilliamson17,421-(601)876-6043,2
bprice18@deviantart.com,Rz0cBqQ3Ir5,cmoore18,63-(997)442-1497,2
cmitchell19@mac.com,HiGQmnL,salexander19,380-(999)822-3725,2
jcastillo1a@comcast.net,GBE8V6kBXkvK,ewelch1a,502-(467)648-9626,1
tjordan1b@icio.us,v4ELDl16LJ,dday1b,62-(109)214-3235,2
aarnold1c@elpais.com,1nrxWQ7ZT,tpatterson1c,86-(706)689-1883,1
sferguson1d@economist.com,sfRxMfyah,eolson1d,258-(743)672-6710,1
jdaniels1e@topsy.com,F971jRQL1Br,jsanchez1e,62-(141)125-5234,2
kjenkins1f@hatena.ne.jp,96ty1vejFu,cgibson1f,58-(344)104-4982,2
pscott1g@bbc.co.uk,XqTjJD0,phudson1g,62-(184)662-4955,2
tgarcia1h@sohu.com,XRz3e18W,wwebb1h,380-(860)168-4496,2
smoore1i@zdnet.com,XZyZIs5tE,vriley1i,255-(343)233-6745,1
kreyes1j@ted.com,aC6bvytLQso,fnelson1j,46-(764)302-3379,1
jgarza1k@tumblr.com,NmMWo7j2Dgj,bpatterson1k,1-(863)943-8837,1
dwallace1l@mtv.com,z5hyJIjl,fgraham1l,86-(161)947-7232,2
kturner1m@tinyurl.com,axYGniA,jwalker1m,351-(773)569-4473,1
sthomas1n@infoseek.co.jp,HBkhpW3o20y,jross1n,212-(195)806-9104,1
jstevens1o@alibaba.com,PVUA1jgp,ctaylor1o,86-(335)553-0461,1
jgreen1p@blogspot.com,k1NMRl,jfowler1p,86-(362)332-5178,1
jday1q@pagesperso-orange.fr,B9WeVBFP,pbaker1q,46-(512)842-8413,1
fwashington1r@instagram.com,ubzb6GsvCdCX,sduncan1r,7-(531)268-9788,2
pfreeman1s@bloomberg.com,Sth70Um1oE,jwashington1s,240-(776)191-6989,2
dprice1t@usnews.com,76hXat,jjones1t,57-(514)396-2203,1
apayne1u@technorati.com,uWNVzof9,charrison1u,351-(155)135-4566,2
jcollins1v@hibu.com,xHFPW4F,vkennedy1v,86-(312)181-4906,2
chanson1w@networksolutions.com,kyW24XE5I,egreene1w,86-(702)471-8759,2
esimmons1x@ustream.tv,beWWFPvb28t,chill1x,994-(578)141-4185,2
rwashington1y@wp.com,bzWkRKfaJ9C,criley1y,43-(262)674-6327,1
dbishop1z@europa.eu,AVglfQf,narmstrong1z,86-(342)703-7645,2
twest20@webeden.co.uk,t7gSfgF,msmith20,504-(778)238-5185,2
jpeterson21@examiner.com,PvyovbSZhRin,nhill21,234-(538)375-3418,1
kmendoza22@rakuten.co.jp,vfR8dkRhZHa,sreyes22,55-(889)888-8459,2
revans23@sphinn.com,CnfFC5p4MQH,jarmstrong23,86-(277)981-8603,1
jcastillo24@live.com,xc98bcLq,jkim24,62-(454)160-8613,1
apeters25@live.com,zxoY3mk,rgreene25,56-(143)142-2156,1
dbrooks26@samsung.com,CdALTK,jgray26,48-(858)222-1217,1
frichardson27@marriott.com,NCDByTrb,ncarter27,55-(897)636-2941,2
kfernandez28@newyorker.com,vxh9WXp,sbennett28,7-(400)588-1120,1
cgutierrez29@surveymonkey.com,O1BGtmd,sray29,86-(197)460-2851,2
adavis2a@oaic.gov.au,a0oBWs,jcarr2a,7-(988)930-4655,1
nhawkins2b@ezinearticles.com,ahtQk8Q,crivera2b,86-(251)128-1543,2
rgonzalez2c@printfriendly.com,AZavgHZE6,grodriguez2c,62-(332)294-2765,1
cwalker2d@cisco.com,w96dgB4jJosk,rflores2d,62-(514)894-6244,1
sgarza2e@blogger.com,ioTFjQ0B,asanders2e,62-(406)478-1744,2
adiaz2f@google.com,lfnI40p8ykGU,charvey2f,55-(118)815-5609,2
brussell2g@mediafire.com,MaBDpt,ehowell2g,86-(545)974-8750,2
lbutler2h@answers.com,Pb3K9AmZdNPO,wsims2h,86-(718)968-9489,1
jjacobs2i@wikispaces.com,q62Ii7g9oIg,srussell2i,86-(489)990-4557,1
dcole2j@addthis.com,631wK3rMF,csims2j,81-(865)201-3563,1
jwelch2k@state.tx.us,LHTo7N,hbanks2k,63-(623)745-0926,1
smarshall2l@dell.com,5k4ketp1,jjames2l,86-(462)605-7049,1
kdiaz2m@whitehouse.gov,DsPR0a7VIg,lparker2m,63-(925)424-9715,2
rfox2n@pagesperso-orange.fr,JQQ1D3NW2CQ,bkelley2n,62-(433)602-3177,2
kduncan2o@washington.edu,RtBBQx,bdiaz2o,63-(995)608-4876,1
lburton2p@google.pl,U9Vz6NQ2de8u,wcarroll2p,20-(471)903-5251,1
brobertson2q@statcounter.com,xkzfG5BuH1kt,dgarcia2q,63-(694)743-5799,1
aparker2r@surveymonkey.com,B4DpuaWwSBa2,jlittle2r,48-(260)943-1184,1
ktucker2s@google.cn,lJn3vZ8e6,hfowler2s,351-(301)374-4094,2
rbryant2t@ebay.co.uk,RWAT6rx,jryan2t,62-(192)265-7058,1
srussell2u@apple.com,CJCDaS,awoods2u,7-(837)244-3676,2
mreyes2v@tumblr.com,g4DO6lk,chamilton2v,49-(241)959-0247,1
rburton2w@oaic.gov.au,Z1w8hWX,scarter2w,62-(532)406-2340,2
jpowell2x@arstechnica.com,AIw97DlZ6gk,njenkins2x,351-(212)560-9848,2
jmills2y@adobe.com,jN7IGs,swillis2y,33-(382)944-4956,1
hwagner2z@miibeian.gov.cn,3qkLzo,jharvey2z,84-(805)589-3665,1
rjames30@aol.com,nnYSC2oP,gmyers30,225-(363)706-1670,2
hwalker31@google.co.uk,7tddXnlIIoe1,apalmer31,62-(265)829-4045,1
sjohnson32@ftc.gov,CsIBrp,jjames32,86-(582)523-5332,1
psimmons33@umn.edu,G1k6rIQp,jfrazier33,358-(661)636-8721,1
whill34@moonfruit.com,7WS6L4Hidcxn,lbanks34,63-(813)644-6845,1
rhawkins35@indiatimes.com,PKUZMBJF3PyG,kgrant35,62-(664)738-2207,2
cmiller36@baidu.com,0ECv1Tg,kwillis36,387-(973)677-4109,1
ssimmons37@berkeley.edu,Cqnj1j4dw9q9,hgonzales37,57-(793)202-9438,1
cgonzalez38@cdbaby.com,rRMpk46H,cday38,86-(895)698-2579,1
agreen39@marketwatch.com,HybMA0aP,mberry39,86-(491)878-0446,1
aaustin3a@virginia.edu,38RWoQ,tlynch3a,255-(537)473-5196,2
kblack3b@lycos.com,yKHPySoaVV7i,hhowell3b,353-(345)210-1080,1
hgeorge3c@addtoany.com,ApYnfFKi2V,mtorres3c,51-(316)689-6789,2
sreed3d@technorati.com,tN4dgGF6OB,bcarroll3d,254-(944)508-9680,1
pmorris3e@hexun.com,Rogo5X,rmorrison3e,55-(557)242-4037,2
chill3f@berkeley.edu,1u2vkoNI6,jmills3f,1-(224)950-8766,2
istanley3g@istockphoto.com,SyXjMNOCo,pperez3g,7-(284)453-8180,1
mfrazier3h@sun.com,ZMISRq,jfrazier3h,86-(819)400-3732,2
gpeters3i@slideshare.net,HD2D6g5nFOMD,dwells3i,86-(643)204-4394,1
rcollins3j@qq.com,AGGame83OWe,mmccoy3j,1-(925)527-8209,1
rsullivan3k@flickr.com,2DdDfM,frichardson3k,850-(735)429-2268,1
awagner3l@virginia.edu,5ixiKy,gday3l,62-(353)273-5834,2
lfox3m@biglobe.ne.jp,6SgNsNQdNTN,bevans3m,62-(156)279-7794,2
drichardson3n@dropbox.com,jVTS6wfloxMe,blynch3n,84-(256)630-2943,2
isimmons3o@webs.com,jY85IlOJ7Ugl,chanson3o,62-(791)482-3440,1
tmorrison3p@bloomberg.com,vW3ztV,anichols3p,81-(868)509-7967,1
rscott3q@goodreads.com,tlYF4b1yj,criley3q,62-(812)628-9730,1
kmcdonald3r@discuz.net,O1TPERH2,khunt3r,7-(955)249-2646,2
twatson3s@hud.gov,oh62hsK,jevans3s,86-(350)372-3201,2
tchavez3t@icq.com,qY7AoX5h,cwheeler3t,62-(531)901-7915,2
creyes3u@yale.edu,L182ByNmNMrL,jreid3u,51-(194)359-5779,2
mwarren3v@statcounter.com,GIUBUpJ,blittle3v,86-(609)744-8158,1
nkim3w@telegraph.co.uk,OzyYdUBY5Ovp,jdixon3w,86-(645)837-5409,1
cjohnson3x@cnbc.com,fzBhQ8ce,kpowell3x,86-(420)418-7217,2
kowens3y@bigcartel.com,CEWkZ0H,ppalmer3y,420-(436)839-8278,1
gmartin3z@wordpress.org,i5uJ1bVYpV,jmorgan3z,33-(975)260-7749,1
abowman40@blogspot.com,SiOl6a,fmartin40,503-(379)462-0455,2
aberry41@nationalgeographic.com,zvhx4xv,phall41,63-(774)371-6218,1
rcarpenter42@naver.com,CaH81c57I,pkelley42,265-(186)536-8203,2
rmiller43@mtv.com,Ozr5290K,tscott43,1-(913)987-5434,2
fjames44@zimbio.com,Psp0ij97noHA,dfreeman44,46-(477)179-6841,2
jmedina45@home.pl,l9SU152HOv,rgreen45,595-(686)644-6781,2
dray46@opensource.org,j4pgSQqh,jwest46,54-(725)264-3760,2
jhughes47@eepurl.com,va51MKGFl,akelley47,233-(523)630-8587,1
dturner48@ow.ly,4Z0RPdJS,jblack48,225-(978)370-2241,1
cmoore49@php.net,LzyYnTZ7ZeEI,mwheeler49,251-(456)487-5995,2
jcook4a@csmonitor.com,ypYtpC,rhamilton4a,86-(426)120-2981,1
lcrawford4b@gravatar.com,EhRCfcmJ9n,alarson4b,94-(499)558-0981,1
cmatthews4c@yellowbook.com,kF5DcdFGp82r,eramirez4c,51-(519)535-0419,1
mstevens4d@tmall.com,9YFANF,mharvey4d,62-(871)324-8344,1
nlittle4e@aol.com,2BLbzCnn,acooper4e,86-(889)806-4389,2
mnguyen4f@ameblo.jp,aZzmBt,tevans4f,33-(681)450-8733,2
vgreene4g@google.ca,aagvk1,hharper4g,7-(854)774-2029,2
amartin4h@auda.org.au,oFFoCIwe37,llawrence4h,86-(461)151-7135,1
mprice4i@etsy.com,0n58oBr,gwright4i,590-(631)894-1818,1
alawrence4j@storify.com,iXMvxY,sdean4j,62-(435)634-6736,1
lruiz4k@stumbleupon.com,JNuRM8iT8,bjacobs4k,58-(371)421-2417,2
syoung4l@cbc.ca,pvrjLXp,jtucker4l,55-(866)532-7628,1
sking4m@ucla.edu,DBQjEd,jgarcia4m,62-(215)505-1619,2
pkennedy4n@cloudflare.com,MtHBCRoM,rjackson4n,351-(144)610-3571,1
hross4o@rambler.ru,VavWbumSx,ahicks4o,62-(535)712-1306,2
sbrown4p@nytimes.com,SNARsrFdMwOw,dsimmons4p,975-(352)765-6986,1
pcooper4q@nbcnews.com,M5ydFVVRp,bgutierrez4q,55-(311)292-7056,1
lstevens4r@weather.com,6h5eLWpqS,gmorales4r,269-(932)761-6373,1
twallace4s@comcast.net,jbmHXsyzl8,khoward4s,81-(855)676-4606,1
vfox4t@t.co,tRKOo7zBbQg,rsmith4t,46-(737)653-7408,1
brichardson4u@businessweek.com,Fu7nxP,jstewart4u,7-(630)867-0379,1
kkennedy4v@hugedomains.com,aM42fB,kspencer4v,7-(819)115-1282,1
kellis4w@slashdot.org,SDS5p7UKHZK,dbishop4w,1-(230)413-5134,2
jmoreno4x@about.me,bcr9Tk,lbradley4x,62-(268)393-5011,1
vmyers4y@smugmug.com,P4DaAAMZ,mlynch4y,62-(432)680-2407,1
speterson4z@woothemes.com,5Wzj7KUyDG81,hlewis4z,7-(605)778-4975,1
tsimpson50@blogspot.com,oxC2DIv3ckE,tmorrison50,256-(842)666-8132,2
twatson51@blog.com,o44RHhNVk,rpierce51,261-(429)128-7392,2
wanderson52@mysql.com,xPYvgE,rroberts52,86-(676)942-9473,2
tsnyder53@apache.org,WbtL0b748W,melliott53,51-(673)727-1489,2
awoods54@linkedin.com,9bSyTO59,jwilliamson54,86-(723)620-9163,1
bross55@reference.com,XRGi0CexjOAi,jkelley55,224-(140)444-0454,2
vgutierrez56@blogtalkradio.com,dWX14CNFgww,mmartinez56,46-(958)523-0301,1
ccollins57@360.cn,UbFBfN,ktorres57,86-(520)647-4964,1
acunningham58@gmpg.org,P4ZnJSAG,cmatthews58,355-(149)705-3197,1
afernandez59@patch.com,CZezWjPSc,dhansen59,48-(436)584-5579,2
wmiller5a@mapquest.com,UoiPqeoENK,kcastillo5a,52-(280)270-6608,2
jtorres5b@booking.com,bT6NvcMP,eallen5b,86-(722)271-7051,1
aellis5c@hostgator.com,brY1Fz3ytXz,jkim5c,591-(409)175-4807,1
wsims5d@360.cn,QKi6j9lPTQ,cpeterson5d,66-(764)576-4885,1
clee5e@creativecommons.org,d16WaihdpXZ,jpeterson5e,7-(692)761-1392,1
acox5f@feedburner.com,kojc69lDeBML,jmurray5f,7-(599)435-3045,2
esimpson5g@fema.gov,mKwdbVKn,acarter5g,62-(885)117-0217,1
agutierrez5h@cbslocal.com,LeaTiMtW0C,sporter5h,48-(982)520-5636,1
jray5i@sogou.com,heMCZ0C,rdixon5i,212-(525)815-1173,2
cwilson5j@jiathis.com,D7WUuK1I,bgonzales5j,48-(374)126-8466,1
